,h1,art,price,price2,gold,gold2,weight,gems,gems2,url,d1,d0
12952,Серебряные серьги,Артикул: 239229,774₽,2580₽,"Артикул: 239229;Серьги    
Серебро 925 пробы.;Вес изделия: 2.59г;Серьги    
Серебро 925 пробы.",,,,,https://sunlight.net/catalog/earring_239229.html,S13161-C9W-01&Серебро&2.59 г,SERGEY GRIBNYAKOV&Гладкие серебряные украшения
12953,Золотое кольцо с сапфирами,Артикул: 280350,13194₽,43980₽,"Артикул: 280350;Кольцо с 1 сапф. овал - 0,532 кар. 2/2 Б ГР; 2 лейкосапфир -0,152 кар.
Розовое золото 585 пробы.;Вес изделия: 1.27г;Кольцо с 1 сапф. овал - 0,532 кар. 2/2 Б ГР; 2 лейкосапфир -0,152 кар.
Розовое золото 585 пробы.",,,,,https://sunlight.net/catalog/ring_280350.html,71427-K5R-01&РОССИЯ&Розовое золото&Сапфир&1.27 г,SERGEY GRIBNYAKOV&Золото. Сапфиры
12954,Серебряное кольцо,Артикул: 314275,1014₽,3380₽,"Артикул: 314275;Кольцо    
Серебро 925 пробы.;Вес изделия: 0.91г;Кольцо    
Серебро 925 пробы.",,,,,https://sunlight.net/catalog/ring_314275.html,2ДУЗ&РОССИЯ&Серебро&0.91 г,SUNLIGHT&Гладкие серебряные украшения
12955,Серебряное кольцо с фианитами,Артикул: 189449,774₽,2580₽,"Артикул: 189449;Кольцо, вставка:  фианит;    
Серебро 925 пробы.

Быть в тренде – легко! Самые актуальные Украшения из коллекции SILVER FASHION: одно или сразу несколько – решать только Вам!;Вес изделия: 0.98г;Кольцо, вставка:  фианит;    
Серебро 925 пробы.;Быть в тренде – легко! Самые актуальные Украшения из коллекции SILVER FASHION: одно или сразу несколько – решать только Вам!",,,,,https://sunlight.net/catalog/ring_189449.html,S52587-K9W-01&Серебро&Фианит&0.98 г,SERGEY GRIBNYAKOV&СЕРЕБРО. FASHION 
12956,Серебряное кольцо с фианитами и керамикой,Артикул: 257481,954₽,3180₽,"Артикул: 257481;Кольцо, вставка:  керамика черная; фианит;    
Серебро 925 пробы.

Изделия из керамики могут быть лаконичными и торжественными, органично дополнять повседневные и деловые образы или же стать изысканными аксессуарами к вечерним нарядам. Керамика в носке проявляет себя очень достойно: материал гипоаллергенный, не царапается, не меняет цвет под действием ультрафиолета, не подвергается окислению.;Вес изделия: 4.64г;Кольцо, вставка:  керамика черная; фианит;    
Серебро 925 пробы.;Изделия из керамики могут быть лаконичными и торжественными, органично дополнять повседневные и деловые образы или же стать изысканными аксессуарами к вечерним нарядам. Керамика в носке проявляет себя очень достойно: материал гипоаллергенный, не царапается, не меняет цвет под действием ультрафиолета, не подвергается окислению.",,,,,https://sunlight.net/catalog/ring_257481.html,S20257-K9W-01&Серебро&Фианит; Керамика&4.64 г,SERGEY GRIBNYAKOV&СЕРЕБРО КЕРАМИКА
12957,Золотая подвеска с фианитами,Артикул: 79108,1794₽,5980₽,"Артикул: 79108;Подвеска, вставка:  фианит;    
Розовое золото 585 пробы.

Трендовые золотые украшения. Стильные украшения – обязательный элемент модного образа. Кольца и браслеты, колье и серьги – они всегда вызывают повышенный интерес.;Вес изделия: 0.48г;Подвеска, вставка:  фианит;    
Розовое золото 585 пробы.;Трендовые золотые украшения. Стильные украшения – обязательный элемент модного образа. Кольца и браслеты, колье и серьги – они всегда вызывают повышенный интерес.",,,,,https://sunlight.net/catalog/pendants_79108.html,300101791*&РОССИЯ&Розовое золото&Фианит&0.48 г,SERGEY GRIBNYAKOV&Трендовые золотые украшения
12958,Золотые серьги с фианитами и топазами,Артикул: 328959,20394₽,67980₽,"Артикул: 328959;Серьги с  фианит;2 топазами голубыми, 5.81 карат, тип огранки Б;    
Розовое золото 585 пробы.;Вес изделия: 3.87г;Серьги с  фианит;2 топазами голубыми, 5.81 карат, тип огранки Б;    
Розовое золото 585 пробы.",,,,,https://sunlight.net/catalog/earring_328959.html,2102708 1 3 1*&РОССИЯ&Розовое золото&Фианит; Топаз&3.87 г,SERGEY GRIBNYAKOV&ЗОЛОТО. ТОПАЗЫ
12959,Золотые серьги с бриллиантами,Артикул: 70819,36594₽,121980₽,"Артикул: 70819;Серьги с 58 бриллиантами, огранка круг 17 граней, 0.20 карат, цвет 2, чистота 3, тип огранки Б;    
Розовое золото 585 пробы.

Невероятная привлекательность украшений из этой коллекции обусловлена использованием в изделиях сверкающего алмазного диска, который позволяет визуально увеличить и эффектно представить бриллианты взору окружающих.;Вес изделия: 3.41г;Серьги с 58 бриллиантами, огранка круг 17 граней, 0.20 карат, цвет 2, чистота 3, тип огранки Б;    
Розовое золото 585 пробы.;Невероятная привлекательность украшений из этой коллекции обусловлена использованием в изделиях сверкающего алмазного диска, который позволяет визуально увеличить и эффектно представить бриллианты взору окружающих.",,,,,https://sunlight.net/catalog/earring_70819.html,7568-C5R-01&Розовое золото&Бриллиант&3.41 г,SUNLIGHT&Бриллианты. Miracle
12960,Золотой браслет,Артикул: 153440,24240₽,80800₽,"Артикул: 153440;Браслет    
Желтое золото 585 пробы.

Бренд LINEA является торговой маркой российских золотых и серебряных цепей и цепных браслетов высшего качества.
Украшения под этой торговой маркой производятся на лучших цепевязальных ювелирных заводах России.
Специалисты бренда уделяют приоритетное значение качеству. Каждое изделие проходит тройной контроль ОТК.
Фактический завод производитель указан на бирке каждого изделия.;Вес изделия: 5.69г;Браслет    
Желтое золото 585 пробы.;Бренд LINEA является торговой маркой российских золотых и серебряных цепей и цепных браслетов высшего качества.
Украшения под этой торговой маркой производятся на лучших цепевязальных ювелирных заводах России.
Специалисты бренда уделяют приоритетное значение качеству. Каждое изделие проходит тройной контроль ОТК.
Фактический завод производитель указан на бирке каждого изделия.",,,,,https://sunlight.net/catalog/bracelets_153440.html,"И2050322119*&РОССИЯ&Желтое золото&3,8 мм&5.69 г",LINEA
12961,Серебряное кольцо,Артикул: 272108,894₽,2980₽,"Артикул: 272108;Кольцо    
Серебро 925 пробы.;Вес изделия: 0.88г;Кольцо    
Серебро 925 пробы.",,,,,https://sunlight.net/catalog/ring_272108.html,КВ2ПГЛ&РОССИЯ&Серебро&0.88 г,FRANKO&Гладкие серебряные украшения
12962,Серебряное кольцо с фианитами,Артикул: 237885,1074₽,3580₽,"Артикул: 237885;Кольцо, вставка:  фианит;    
Серебро 925 пробы.;Вес изделия: 4.66г;Кольцо, вставка:  фианит;    
Серебро 925 пробы.",,,,,https://sunlight.net/catalog/ring_237885.html,S53388-K9W-01&Серебро&Фианит&4.66 г,SERGEY GRIBNYAKOV&СЕРЕБРО. Классика
12963,Серебряные серьги,Артикул: 249607,4290₽,21450₽,"Артикул: 249607;Серьги    
Серебро 925 пробы.;Вес изделия: 24.78г;Серьги    
Серебро 925 пробы.",,,,,https://sunlight.net/catalog/earring_249607.html,S15253-C9W-01&Серебро&24.78 г,SERGEY GRIBNYAKOV&Гладкие серебряные украшения
12964,Золотые серьги с гранатом и фианитами,Артикул: 125128,7494₽,24980₽,"Артикул: 125128;Серьги с 2 гранатами, 1.02 карат, тип огранки Б; фианит;    
Розовое золото 585 пробы.

Насыщенный и страстный ярко-красный гранат, заключенный в роскошную золотую оправу. Гранат - символ любви, верности и мужества.;Вес изделия: 1.7г;Серьги с 2 гранатами, 1.02 карат, тип огранки Б; фианит;    
Розовое золото 585 пробы.;Насыщенный и страстный ярко-красный гранат, заключенный в роскошную золотую оправу. Гранат - символ любви, верности и мужества.",,,,,https://sunlight.net/catalog/earring_125128.html,С122-1517Гр*&РОССИЯ&Розовое золото&Фианит; Гранат&1.7 г,SERGEY GRIBNYAKOV&ГРАНАТЫ
12965,Серебряный браслет с фианитами,Артикул: 309924,1674₽,5580₽,"Артикул: 309924;Браслет, вставка:  фианит;    
Серебро 925 пробы.

Быть в тренде – легко! Самые актуальные Украшения из коллекции SILVER FASHION: одно или сразу несколько – решать только Вам!;Вес изделия: 2.78г;Браслет, вставка:  фианит;    
Серебро 925 пробы.;Быть в тренде – легко! Самые актуальные Украшения из коллекции SILVER FASHION: одно или сразу несколько – решать только Вам!",,,,,https://sunlight.net/catalog/bracelets_309924.html,S55361-B9W-01&Серебро&Фианит&2.78 г,SERGEY GRIBNYAKOV&СЕРЕБРО. FASHION 
12966,Серебряные серьги с амазонитом,Артикул: 303918,1914₽,6380₽,"Артикул: 303918;Серьги с 2 амазонитами;    
Серебро 925 пробы.;Вес изделия: 1.8г;Серьги с 2 амазонитами;    
Серебро 925 пробы.",,,,,https://sunlight.net/catalog/earring_303918.html,02-2634/0АМЗ-00&РОССИЯ&Серебро&Амазонит&1.8 г,SERGEY GRIBNYAKOV&Самоцветы
12967,Золотое кольцо с сапфирами и бриллиантами,Артикул: 303485,17994₽,59980₽,"Артикул: 303485;Кольцо с 12 бриллиантами, огранка круг 17 граней, 0.05 карат, цвет 2, чистота 2, тип огранки Б;
1 сапфиром оранжевым, 0.10 карат, тип огранки В;    
Розовое золото 585 пробы.;Вес изделия: 2.54г;Кольцо с 12 бриллиантами, огранка круг 17 граней, 0.05 карат, цвет 2, чистота 2, тип огранки Б;
1 сапфиром оранжевым, 0.10 карат, тип огранки В;    
Розовое золото 585 пробы.",,,,,https://sunlight.net/catalog/ring_303485.html,71913-K5R-01&РОССИЯ&Розовое золото&Бриллиант; Сапфир&2.54 г,SERGEY GRIBNYAKOV
12968,Серебряные серьги с янтарем,Артикул: 310806,1674₽,5580₽,"Артикул: 310806;Серьги, вставка:  янтарь не дк;    
Серебро 925 пробы.;Вес изделия: 3.45г;Серьги, вставка:  янтарь не дк;    
Серебро 925 пробы.",,,,,https://sunlight.net/catalog/earring_310806.html,429042011cs&РОССИЯ&Серебро&Янтарь&3.45 г,SERGEY GRIBNYAKOV&ЯНТАРЬ
12969,Серебряные серьги,Артикул: 268802,1014₽,3380₽,"Артикул: 268802;Серьги    
Серебро 925 пробы.;Вес изделия: 4.39г;Серьги    
Серебро 925 пробы.",,,,,https://sunlight.net/catalog/earring_268802.html,S16088-C9W-01&Серебро&4.39 г,SERGEY GRIBNYAKOV&Гладкие серебряные украшения
12970,Серебряная брошь,Артикул: 110384,714₽,2380₽,"Артикул: 110384;Значок    
Серебро 925 пробы.

Ювелирные украшения с государственной символикой Российской Федерации всегда были актуальны и сейчас имеют особый вес. Украшение выполнено в лаконичном классическом стиле, позволит его обладателю подчеркнуть свой статус и донести главный смысл символа, отражающего патриотизм и единение.;Вес изделия: 0.47г;Значок    
Серебро 925 пробы.;Ювелирные украшения с государственной символикой Российской Федерации всегда были актуальны и сейчас имеют особый вес. Украшение выполнено в лаконичном классическом стиле, позволит его обладателю подчеркнуть свой статус и донести главный смысл символа, отражающего патриотизм и единение.",,,,,https://sunlight.net/catalog/brooch_110384.html,14020039-40&РОССИЯ&Серебро&0.47 г,SERGEY GRIBNYAKOV
12971,Золотые серьги с коньячными бриллиантами,Артикул: 86138,32990₽,109967₽,"Артикул: 86138;Серьги с 40 бриллиантами черными обл., огранка круг 17 граней, 0.11 карат, тип огранки Б;38 бриллиантами коньячными, огранка круг 17 граней, 0.10 карат, цвет 4, чистота 4, тип огранки Б;    
Розовое золото 585 пробы.

Уникальная коллекция с коньячными и черными бриллиантами превосходна в тонкости ювелирной работы. Ведь украшения из этой коллекции – гармония цвета и фактуры, выразительность линий и совершенство в деталях.;Вес изделия: 3.22г;Серьги с 40 бриллиантами черными обл., огранка круг 17 граней, 0.11 карат, тип огранки Б;38 бриллиантами коньячными, огранка круг 17 граней, 0.10 карат, цвет 4, чистота 4, тип огранки Б;    
Розовое золото 585 пробы.;Уникальная коллекция с коньячными и черными бриллиантами превосходна в тонкости ювелирной работы. Ведь украшения из этой коллекции – гармония цвета и фактуры, выразительность линий и совершенство в деталях.",,,,,https://sunlight.net/catalog/earring_86138.html,60003-C5R-01&Розовое золото&Бриллиант; Коньячный бриллиант&3.22 г,SERGEY GRIBNYAKOV&Коньячные и черные бриллианты
12972,"Золотое кольцо с сапфирами, танзанитом и бриллиантами",Артикул: 91223,72990₽,364950₽,"Артикул: 91223;Кольцо с 20 бриллиантами, огранка круг 57 граней, 0.06 карат, цвет 4, чистота 6, тип огранки А;
44 сапфирами, 0.53 карат, цвет 4, чистота 3, тип огранки В;1 танзанитом, 1.63 карат;    
Белое золото 585 пробы.

Танзаниты - редчайшие камни из единственного месторождения в мире у подножья горы Килиманджаро в Танзании. 
Самые интригующие и желанные камни нашего времени.
Считается, что танзанит способствует развитию интуиции и успешному поиску смысла жизни, приносит уют и взаимопонимание в семью.;Вес изделия: 2.62г;Кольцо с 20 бриллиантами, огранка круг 57 граней, 0.06 карат, цвет 4, чистота 6, тип огранки А;
44 сапфирами, 0.53 карат, цвет 4, чистота 3, тип огранки В;1 танзанитом, 1.63 карат;    
Белое золото 585 пробы.;Танзаниты - редчайшие камни из единственного месторождения в мире у подножья горы Килиманджаро в Танзании. 
Самые интригующие и желанные камни нашего времени.
Считается, что танзанит способствует развитию интуиции и успешному поиску смысла жизни, приносит уют и взаимопонимание в семью.",,,,,https://sunlight.net/catalog/ring_91223.html,90056-K5W-01&Белое золото&Бриллиант; Танзанит; Сапфир&2.62 г,SERGEY GRIBNYAKOV&Золото. Сапфиры
12973,Золотой браслет со шпинелью,Артикул: 290705,8990₽,29967₽,"Артикул: 290705;Браслет с 62 шпинелями, 4.95 карат;    
Розовое золото 585 пробы.;Вес изделия: 1.86г;Браслет с 62 шпинелями, 4.95 карат;    
Розовое золото 585 пробы.",,,,,https://sunlight.net/catalog/bracelets_290705.html,08-1-161-7400-010*&РОССИЯ&Розовое золото&Шпинель&1.86 г,SERGEY GRIBNYAKOV
12974,Серебряный браслет,Артикул: 256753,774₽,2580₽,"Артикул: 256753;Браслет    
Серебро 925 пробы.;Вес изделия: 1.46г;Браслет    
Серебро 925 пробы.",,,,,https://sunlight.net/catalog/bracelets_256753.html,S14854-B9W-01&Серебро&1.46 г,SERGEY GRIBNYAKOV&СЕРЕБРО. FASHION 
12975,Золотое кольцо с фианитами,Артикул: 166228,5690₽,18967₽,"Артикул: 166228;Кольцо, вставка:  фианит;    
Розовое золото 585 пробы.

Костромские ювелирные украшения: традиционный русский стиль -  Коллекция украшений с традиционными русскими дизайнами. Украшения несут в себе ювелирные традиции, любимые многими поколениями российских женщин, которые сохранят свою ценность на многие года.;Вес изделия: 1.3г;Кольцо, вставка:  фианит;    
Розовое золото 585 пробы.;Костромские ювелирные украшения: традиционный русский стиль -  Коллекция украшений с традиционными русскими дизайнами. Украшения несут в себе ювелирные традиции, любимые многими поколениями российских женщин, которые сохранят свою ценность на многие года.",,,,,https://sunlight.net/catalog/ring_166228.html,КК01026ФК*&РОССИЯ&Розовое золото&Фианит&1.3 г,SERGEY GRIBNYAKOV
12976,Серебряное кольцо с алпанитом,Артикул: 243950,3790₽,7580₽,"Артикул: 243950;Кольцо, вставка:  алпанит;    
Серебро 925 пробы.;Вес изделия: 5.14г;Кольцо, вставка:  алпанит;    
Серебро 925 пробы.",,,,,https://sunlight.net/catalog/ring_243950.html,S55063-K9W-01&Серебро&Алпанит&5.14 г,SERGEY GRIBNYAKOV
12977,Золотые серьги с фианитами,Артикул: 251658,7794₽,25980₽,"Артикул: 251658;Серьги, вставка:  фианит;    
Белое золото 585 пробы.

Белое золото. Изысканное сияние белого золота придает украшениям  вневременную элегантность. Если обычное ювелирное золото содержит чистое золото и сплав из серебра и меди, то в сплав белого золота вместо меди добавляется никель или палладий, которые и окрашивают металл в белый цвет.  После полировки на ювелирное изделие наносится родиевое покрытие. В компании Sunlight слой родия составляет не менее 3-х микрон в украшениях белого золота. Это необходимо для износостойкости, родий - медицинский гипоаллергенный металл, а так же для эстетически выразительного цвета украшения. Его блеск подчеркивает красоту прозрачных фианитов их яркость блеска и разнообразие огранок. Отличительная черта украшений  в белом золоте - это классические и европейские дизайны модельного ряда, представленные в коллекции. Быть совершенной легко!
Конго - это классическая форма серег, универсальная. Серьги в зависимости от формы объема и дизайна будут уместны  в любой сезон круглый год.  Сегодня конго  часто демонстрируют популярные Западные и Отечественные звезды, главное,  выбрать «свои» конго по форме и желанию.;Вес изделия: 2.01г;Серьги, вставка:  фианит;    
Белое золото 585 пробы.;Белое золото. Изысканное сияние белого золота придает украшениям  вневременную элегантность. Если обычное ювелирное золото содержит чистое золото и сплав из серебра и меди, то в сплав белого золота вместо меди добавляется никель или палладий, которые и окрашивают металл в белый цвет.  После полировки на ювелирное изделие наносится родиевое покрытие. В компании Sunlight слой родия составляет не менее 3-х микрон в украшениях белого золота. Это необходимо для износостойкости, родий - медицинский гипоаллергенный металл, а так же для эстетически выразительного цвета украшения. Его блеск подчеркивает красоту прозрачных фианитов их яркость блеска и разнообразие огранок. Отличительная черта украшений  в белом золоте - это классические и европейские дизайны модельного ряда, представленные в коллекции. Быть совершенной легко!
Конго - это классическая форма серег, универсальная. Серьги в зависимости от формы объема и дизайна будут уместны  в любой сезон круглый год.  Сегодня конго  часто демонстрируют популярные Западные и Отечественные звезды, главное,  выбрать «свои» конго по форме и желанию.",,,,,https://sunlight.net/catalog/earring_251658.html,5-4033-303-2Б*&РОССИЯ&Белое золото&Фианит&2.01 г,SERGEY GRIBNYAKOV&Белое и желтое золото
12978,Золотое кольцо с рубинами,Артикул: 69294,11394₽,37980₽,"Артикул: 69294;Кольцо с 40 бриллиантами, огранка круг 17 граней, 0.08 карат, цвет 2, чистота 2, тип огранки Б;
1 рубином синтетическим, 0.51 карат, тип огранки Б;    
Розовое золото 585 пробы.;Вес изделия: 2.07г;Кольцо с 40 бриллиантами, огранка круг 17 граней, 0.08 карат, цвет 2, чистота 2, тип огранки Б;
1 рубином синтетическим, 0.51 карат, тип огранки Б;    
Розовое золото 585 пробы.",,,,,https://sunlight.net/catalog/ring_69294.html,9944-K5R-04&РОССИЯ&Розовое золото&Рубин&2.07 г,SERGEY GRIBNYAKOV&Золото. Рубины
12979,Золотой пирсинг с фианитами,Артикул: 243229,1134₽,3780₽,"Артикул: 243229;Пирсинг, вставка:  фианит;    
Розовое золото 585 пробы.

Трендовые золотые украшения. Стильные украшения – обязательный элемент модного образа. Кольца и браслеты, колье и серьги – они всегда вызывают повышенный интерес.;Вес изделия: 0.17г;Пирсинг, вставка:  фианит;    
Розовое золото 585 пробы.;Трендовые золотые украшения. Стильные украшения – обязательный элемент модного образа. Кольца и браслеты, колье и серьги – они всегда вызывают повышенный интерес.",,,,,https://sunlight.net/catalog/piercing_243229.html,СР7083*&РОССИЯ&Розовое золото&Фианит&0.17 г,SERGEY GRIBNYAKOV&Трендовые золотые украшения
12980,Серебряные серьги с фианитами,Артикул: 285359,714₽,2380₽,"Артикул: 285359;Серьги, вставка:  фианит;    
Серебро 925 пробы.;Вес изделия: 1.17г;Серьги, вставка:  фианит;    
Серебро 925 пробы.",,,,,https://sunlight.net/catalog/earring_285359.html,S55411-C9W-01&Серебро&Фианит&1.17 г,SERGEY GRIBNYAKOV&СЕРЕБРО. Классика
12981,Золотое кольцо с фианитами,Артикул: 200569,6010₽,20033₽,"Артикул: 200569;Кольцо, вставка:  фианит;    
Желтое золото 585 пробы.

Желтое золото. Тёплый жёлтый оттенок металла очаровывает своей интеллигентностью. Такой цвет безупречно будет смотреться на загорелой коже, и придаст ей дополнительное сияние.;Вес изделия: 1.54г;Кольцо, вставка:  фианит;    
Желтое золото 585 пробы.;Желтое золото. Тёплый жёлтый оттенок металла очаровывает своей интеллигентностью. Такой цвет безупречно будет смотреться на загорелой коже, и придаст ей дополнительное сияние.",,,,,https://sunlight.net/catalog/ring_200569.html,5-3942-303-1Ж*&РОССИЯ&Желтое золото&Фианит&1.54 г,SERGEY GRIBNYAKOV&Белое и желтое золото
12982,Золотой пирсинг с фианитами,Артикул: 242314,5094₽,16980₽,"Артикул: 242314;Пирсинг, вставка:  фианит;    
Розовое золото 585 пробы.;Вес изделия: 0.69г;Пирсинг, вставка:  фианит;    
Розовое золото 585 пробы.",,,,,https://sunlight.net/catalog/piercing_242314.html,11146-T5R-01&Розовое золото&Фианит&0.69 г,SERGEY GRIBNYAKOV&Пирсинг Золото
12983,Серебряная подвеска - шарм с перламутром,Артикул: 272887,690₽,2300₽,"Артикул: 272887;Подвеска, вставка:  перламутр;    
Серебро 925 пробы.;Вес изделия: 1.53г;Подвеска, вставка:  перламутр;    
Серебро 925 пробы.",,,,,https://sunlight.net/catalog/pendants_272887.html,S42470-P9R-01&Серебро&Перламутр&1.53 г,SERGEY GRIBNYAKOV
12984,Серебряные серьги,Артикул: 259939,654₽,2180₽,"Артикул: 259939;Серьги    
Серебро 925 пробы.;Вес изделия: 3.13г;Серьги    
Серебро 925 пробы.",,,,,https://sunlight.net/catalog/earring_259939.html,S15081-C9W-01&ИТАЛИЯ&Серебро&3.13 г,LINEA&Серебро Италии
12985,"Серебряное шейное украшение с жемчугом, фианитами и камеями",Артикул: 253509,9390₽,31300₽,"Артикул: 253509;Шейное укр., вставка:  камея (морская раковина); жемчуг культивированный; фианит; фианит цветной;    
Серебро 925 пробы.;Вес изделия: 15.67г;Шейное укр., вставка:  камея (морская раковина); жемчуг культивированный; фианит; фианит цветной;    
Серебро 925 пробы.",,,,,https://sunlight.net/catalog/neck_decoration_253509.html,S91324-H9R-01&Серебро&Фианит; Жемчуг; Камея&15.67 г,Cameo Italiano&Серебро Италии
12986,Серебряное кольцо,Артикул: 261251,2890₽,5780₽,"Артикул: 261251;Кольцо    
Серебро 925 пробы.;Вес изделия: 3.35г;Кольцо    
Серебро 925 пробы.",,,,,https://sunlight.net/catalog/ring_261251.html,S15388-K9W-01&Серебро&3.35 г,SERGEY GRIBNYAKOV&СЕРЕБРО. FASHION 
12987,Серебряное кольцо с фианитами,Артикул: 157472,774₽,2580₽,"Артикул: 157472;Кольцо, вставка:  фианит;    
Серебро 925 пробы.;Вес изделия: 5.54г;Кольцо, вставка:  фианит;    
Серебро 925 пробы.",,,,,https://sunlight.net/catalog/ring_157472.html,S52022-K9W-01&Серебро&Фианит&5.54 г,SERGEY GRIBNYAKOV&СЕРЕБРО. Классика
12988,Серебряная подвеска с аметистом,Артикул: 276587,8394₽,27980₽,"Артикул: 276587;Подвеска, вставка:  аметист;    
Серебро 925 пробы.;Вес изделия: 15.88г;Подвеска, вставка:  аметист;    
Серебро 925 пробы.",,,,,https://sunlight.net/catalog/pendants_276587.html,3432-053-08&РОССИЯ&Серебро&Аметист&15.88 г,Spika Gold&NATURIKA
12989,Серебряные серьги,Артикул: 267937,1074₽,3580₽,"Артикул: 267937;Серьги    
Серебро 925 пробы.;Вес изделия: 2.99г;Серьги    
Серебро 925 пробы.",,,,,https://sunlight.net/catalog/earring_267937.html,S15949-C9W-01&Серебро&2.99 г,SERGEY GRIBNYAKOV&Гладкие серебряные украшения
12990,Золотое кольцо с дымчатым кварцем и фианитами,Артикул: 158965,11990₽,39967₽,"Артикул: 158965;Кольцо с 1 кварцем дымчатым, 1.38 карат, тип огранки Б; фианит;    
Розовое золото 585 пробы.;Вес изделия: 2.2г;Кольцо с 1 кварцем дымчатым, 1.38 карат, тип огранки Б; фианит;    
Розовое золото 585 пробы.",,,,,https://sunlight.net/catalog/ring_158965.html,1-10304-1-08*&РОССИЯ&Розовое золото&Фианит; Кварц дымчатый&2.2 г,SERGEY GRIBNYAKOV
12991,Золотое кольцо с фианитами,Артикул: 190246,4840₽,16133₽,"Артикул: 190246;Кольцо, вставка:  фианит;    
Розовое золото 585 пробы.

Костромские ювелирные украшения: традиционный русский стиль -  Коллекция украшений с традиционными русскими дизайнами. Украшения несут в себе ювелирные традиции, любимые многими поколениями российских женщин, которые сохранят свою ценность на многие года.;Вес изделия: 1.12г;Кольцо, вставка:  фианит;    
Розовое золото 585 пробы.;Костромские ювелирные украшения: традиционный русский стиль -  Коллекция украшений с традиционными русскими дизайнами. Украшения несут в себе ювелирные традиции, любимые многими поколениями российских женщин, которые сохранят свою ценность на многие года.",,,,,https://sunlight.net/catalog/ring_190246.html,Т142015507*&РОССИЯ&Розовое золото&Фианит&1.12 г,SERGEY GRIBNYAKOV
12992,Золотой браслет с бриллиантами,Артикул: 92643,11394₽,37980₽,"Артикул: 92643;Браслет с 10 бриллиантами, огранка круг 17 граней, 0.04 карат, цвет 2, чистота 2, тип огранки Б;    
Белое золото 585 пробы.;Вес изделия: 1.49г;Браслет с 10 бриллиантами, огранка круг 17 граней, 0.04 карат, цвет 2, чистота 2, тип огранки Б;    
Белое золото 585 пробы.",,,,,https://sunlight.net/catalog/bracelets_92643.html,70193-B5W-01&РОССИЯ&Белое золото&Бриллиант&1.49 г,Бриллианты Якутии&Бриллианты. Fashion Diamonds
12993,Золотые серьги с бриллиантами,Артикул: 270842,19794₽,65980₽,"Артикул: 270842;Серьги с 2 бриллиантами, огранка круг 57 граней, 0.08 карат, цвет 4, чистота 6, тип огранки А, 36 бриллиантами, огранка круг 17 граней, 0.06 карат, цвет 2, чистота 3, тип огранки Б;    
 585 пробы.

Невероятная привлекательность украшений из этой коллекции обусловлена использованием в изделиях сверкающего алмазного диска, который позволяет визуально увеличить и эффектно представить бриллианты взору окружающих.;Вес изделия: 1.37г;Серьги с 2 бриллиантами, огранка круг 57 граней, 0.08 карат, цвет 4, чистота 6, тип огранки А, 36 бриллиантами, огранка круг 17 граней, 0.06 карат, цвет 2, чистота 3, тип огранки Б;    
 585 пробы.;Невероятная привлекательность украшений из этой коллекции обусловлена использованием в изделиях сверкающего алмазного диска, который позволяет визуально увеличить и эффектно представить бриллианты взору окружающих.",,,,,https://sunlight.net/catalog/earring_270842.html,"20246-С5R-01&Белое золото, Розовое золото&Бриллиант&1.37 г",SUNLIGHT&Бриллианты. Miracle
12994,Золотые серьги,Артикул: 290549,3894₽,12980₽,"Артикул: 290549;Серьги    
Розовое золото 585 пробы.;Вес изделия: 0.7г;Серьги    
Розовое золото 585 пробы.",,,,,https://sunlight.net/catalog/earring_290549.html,1024901/9*&РОССИЯ&Розовое золото&0.7 г,SERGEY GRIBNYAKOV&Детская коллекция
12995,"Золотые серьги с гранатом, цирконием и родолитами",Артикул: 260544,20990₽,104950₽,"Артикул: 260544;Серьги с 2 родолитами, 0.40 карат, тип огранки Б;2 гранатами, 0.60 карат, тип огранки Б;2 гранатами, 1.00 карат, тип огранки Б;2 родолитами, 0.30 карат, тип огранки Б;2 гранатами, 0.40 карат, тип огранки Б; куб. цирконий;    
Розовое золото 585 пробы.

Насыщенный и страстный ярко-красный гранат, заключенный в роскошную золотую оправу. Гранат - символ любви, верности и мужества.;Вес изделия: 3.89г;Серьги с 2 родолитами, 0.40 карат, тип огранки Б;2 гранатами, 0.60 карат, тип огранки Б;2 гранатами, 1.00 карат, тип огранки Б;2 родолитами, 0.30 карат, тип огранки Б;2 гранатами, 0.40 карат, тип огранки Б; куб. цирконий;    
Розовое золото 585 пробы.;Насыщенный и страстный ярко-красный гранат, заключенный в роскошную золотую оправу. Гранат - символ любви, верности и мужества.",,,,,https://sunlight.net/catalog/earring_260544.html,02-52-0080-00К1*&РОССИЯ&Розовое золото&Гранат; Родолит; Цирконий&3.89 г,SERGEY GRIBNYAKOV&ГРАНАТЫ
12996,Золотые серьги с фианитами,Артикул: 326024,33990₽,113300₽,"Артикул: 326024;Серьги, вставка:  фианит;    
Розовое золото 585 пробы.;Вес изделия: 5.05г;Серьги, вставка:  фианит;    
Розовое золото 585 пробы.",,,,,https://sunlight.net/catalog/earring_326024.html,73500*&РОССИЯ&Розовое золото&Фианит&5.05 г,SERGEY GRIBNYAKOV
12997,Серебряные серьги с фианитами,Артикул: 241251,834₽,2780₽,"Артикул: 241251;Серьги, вставка:  фианит;    
Серебро 925 пробы.;Вес изделия: 2.53г;Серьги, вставка:  фианит;    
Серебро 925 пробы.",,,,,https://sunlight.net/catalog/earring_241251.html,48537А.5&РОССИЯ&Серебро&Фианит&2.53 г,SERGEY GRIBNYAKOV&СЕРЕБРО. Классика
12998,Шейное украшение из кошачьего глаза с серебряным замком,Артикул: 323113,1314₽,4380₽,"Артикул: 323113;Шейное укр., вставка:  кошачий глаз ; Сталь;    
Серебро 925 пробы.;Вес изделия: 4.9г;Шейное укр., вставка:  кошачий глаз ; Сталь;    
Серебро 925 пробы.",,,,,https://sunlight.net/catalog/neck_decoration_323113.html,40009&Серебро&Кошачий глаз&4.9 г,Русголд&Самоцветы
12999,Золотые серьги с фианитами,Артикул: 262269,10990₽,36633₽,"Артикул: 262269;Серьги, вставка:  фианит;    
Белое золото 585 пробы.;Вес изделия: 2.24г;Серьги, вставка:  фианит;    
Белое золото 585 пробы.",,,,,https://sunlight.net/catalog/earring_262269.html,11879-C5W-01&Белое золото&Фианит&2.24 г,JASMİNE JEWELLERY
13000,Золотое кольцо с бриллиантами,Артикул: 268435,19194₽,63980₽,"Артикул: 268435;Кольцо с 7 бриллиантами, огранка круг 57 граней, 0.08 карат, цвет 4, чистота 6, тип огранки А;    
Розовое золото 585 пробы.

Невероятная привлекательность украшений из этой коллекции обусловлена использованием в изделиях сверкающего алмазного диска, который позволяет визуально увеличить и эффектно представить бриллианты взору окружающих.;Вес изделия: 1.81г;Кольцо с 7 бриллиантами, огранка круг 57 граней, 0.08 карат, цвет 4, чистота 6, тип огранки А;    
Розовое золото 585 пробы.;Невероятная привлекательность украшений из этой коллекции обусловлена использованием в изделиях сверкающего алмазного диска, который позволяет визуально увеличить и эффектно представить бриллианты взору окружающих.",,,,,https://sunlight.net/catalog/ring_268435.html,20218-K5R-01&Розовое золото&Бриллиант&1.81 г,SUNLIGHT&Бриллианты. Miracle
13001,Серебряные серьги с кубическим цирконием и керамикой,Артикул: 155292,1494₽,4980₽,"Артикул: 155292;Серьги, вставка:  керамика; куб. цирконий;    
Серебро 925 пробы.

Изделия из керамики могут быть лаконичными и торжественными, органично дополнять повседневные и деловые образы или же стать изысканными аксессуарами к вечерним нарядам. Керамика в носке проявляет себя очень достойно: материал гипоаллергенный, не царапается, не меняет цвет под действием ультрафиолета, не подвергается окислению.;Вес изделия: 4.81г;Серьги, вставка:  керамика; куб. цирконий;    
Серебро 925 пробы.;Изделия из керамики могут быть лаконичными и торжественными, органично дополнять повседневные и деловые образы или же стать изысканными аксессуарами к вечерним нарядам. Керамика в носке проявляет себя очень достойно: материал гипоаллергенный, не царапается, не меняет цвет под действием ультрафиолета, не подвергается окислению.",,,,,https://sunlight.net/catalog/earring_155292.html,TC-E00703-BL-W-X-X-W&РОССИЯ&Серебро&Кубический цирконий; Керамика&4.81 г,FRESH&СЕРЕБРО КЕРАМИКА
13002,Серебряные серьги с перламутром и фианитами,Артикул: 97474,2490₽,4980₽,"Артикул: 97474;Серьги, вставка:  перламутр; фианит;    
Серебро 925 пробы.;Вес изделия: 1.57г;Серьги, вставка:  перламутр; фианит;    
Серебро 925 пробы.",,,,,https://sunlight.net/catalog/earring_97474.html,S40473-C9W-01&Серебро&Фианит; Перламутр&1.57 г,SERGEY GRIBNYAKOV&CANDY
13003,Золотые серьги с топазами,Артикул: 322687,19194₽,63980₽,"Артикул: 322687;Серьги с 2 топазами синими, 1.74 карат, тип огранки Б;    
Белое золото 585 пробы.;Вес изделия: 3.07г;Серьги с 2 топазами синими, 1.74 карат, тип огранки Б;    
Белое золото 585 пробы.",,,,,https://sunlight.net/catalog/earring_322687.html,2211633_24*&РОССИЯ&Белое золото&Топаз&3.07 г,SERGEY GRIBNYAKOV&ЗОЛОТО. ТОПАЗЫ
13004,Серебряные серьги с фианитами и алпанитом,Артикул: 261336,3390₽,11300₽,"Артикул: 261336;Серьги, вставка:  фианит; алпанит;    
Серебро 925 пробы.;Вес изделия: 8.04г;Серьги, вставка:  фианит; алпанит;    
Серебро 925 пробы.",,,,,https://sunlight.net/catalog/earring_261336.html,S54728-C9W-01&Серебро&Алпанит; Фианит&8.04 г,SERGEY GRIBNYAKOV&СЕРЕБРО. Классика
13005,Серебряные серьги с фианитами и ювелирным стеклом,Артикул: 263149,1890₽,6300₽,"Артикул: 263149;Серьги, вставка:  ювелирное стекло аметист; фианит;    
Серебро 925 пробы.;Вес изделия: 3.4г;Серьги, вставка:  ювелирное стекло аметист; фианит;    
Серебро 925 пробы.",,,,,https://sunlight.net/catalog/earring_263149.html,02-1375/ЮСАМ-00&РОССИЯ&Серебро&Фианит; Ювелирное стекло&3.4 г,SERGEY GRIBNYAKOV&Multicolor
13006,Серебряные серьги,Артикул: 277888,3790₽,12633₽,"Артикул: 277888;Серьги    
Серебро 925 пробы.;Вес изделия: 8.4г;Серьги    
Серебро 925 пробы.",,,,,https://sunlight.net/catalog/earring_277888.html,S13503-C9M-01&Серебро&8.4 г,SERGEY GRIBNYAKOV&Гладкие серебряные украшения
13007,Серебряное кольцо с гранатом и фианитами,Артикул: 273451,3594₽,11980₽,"Артикул: 273451;Кольцо, вставка:  гранат природный; фианит;    
Серебро 925 пробы.;Вес изделия: 3.6г;Кольцо, вставка:  гранат природный; фианит;    
Серебро 925 пробы.",,,,,https://sunlight.net/catalog/ring_273451.html,54-13-004.&РОССИЯ&Серебро&Фианит; Гранат&3.6 г,СТАТУС
13008,Серебряные серьги с фианитами и со шпинелью,Артикул: 266473,2094₽,6980₽,"Артикул: 266473;Серьги, вставка:  шпинель зеленая синтетическая; фианит;    
Серебро 925 пробы.;Вес изделия: 5.1г;Серьги, вставка:  шпинель зеленая синтетическая; фианит;    
Серебро 925 пробы.",,,,,https://sunlight.net/catalog/earring_266473.html,S42286-C9W-01&Серебро&Фианит; Шпинель&5.1 г,SERGEY GRIBNYAKOV&Multicolor
13009,Серебряное кольцо с фианитами,Артикул: 251956,834₽,2780₽,"Артикул: 251956;Кольцо, вставка:  фианит;    
Серебро 875 пробы.;Вес изделия: 2.13г;Кольцо, вставка:  фианит;    
Серебро 875 пробы.",,,,,https://sunlight.net/catalog/ring_251956.html,M70981-K8W-01&РОССИЯ&Серебро&Фианит&2.13 г,SERGEY GRIBNYAKOV&СЕРЕБРО. Классика
13010,Золотое кольцо «Бриллианты Якутии»,Артикул: 74309,140990₽,469967₽,"Артикул: 74309;Кольцо «Бриллианты Якутии» с 1 бриллиантом, огранка круг 57 граней, 0.41 карат, цвет 3, чистота 7, тип огранки А, 32 бриллиантами, огранка круг 57 граней, 0.13 карат, цвет 3, чистота 6, тип огранки А; 
Желтое золото 585 пробы;Вес изделия: 3.54г;Кольцо «Бриллианты Якутии» с 1 бриллиантом, огранка круг 57 граней, 0.41 карат, цвет 3, чистота 7, тип огранки А, 32 бриллиантами, огранка круг 57 граней, 0.13 карат, цвет 3, чистота 6, тип огранки А; 
Желтое золото 585 пробы",,,,,https://sunlight.net/catalog/ring_74309.html,7441-K5Y-01&РОССИЯ&Желтое золото&Бриллиант&3.54 г,Бриллианты Якутии&Бриллианты Якутии
13011,Серебряный браслет,Артикул: 259665,7794₽,25980₽,"Артикул: 259665;Браслет    
Серебро 925 пробы.;Вес изделия: 52.19г;Браслет    
Серебро 925 пробы.",,,,,https://sunlight.net/catalog/bracelets_259665.html,КЛ-120Ч&РОССИЯ&Серебро&52.19 г,JUVEDEL
13012,Золотой пирсинг с фианитами,Артикул: 103913,4794₽,15980₽,"Артикул: 103913;Пирсинг, вставка:  фианит;    
Розовое золото 585 пробы.

Пирсинг: сейчас золотые украшения для пирсинга набирают популярность. Модницы всего мира оценили изящные колечки и штанги от ведущих дизайнеров ювелирных мастерских и с удовольствием покупают такие оригинальные аксессуары. Пирсинг из золота – модный и стильный аксессуар, призванный подчеркнуть оригинальность и неординарность своего владельца. В нашем каталоге представлен широкий ассортимент ювелирных изделий для прокола в пупке, носу или брови.;Вес изделия: 1.25г;Пирсинг, вставка:  фианит;    
Розовое золото 585 пробы.;Пирсинг: сейчас золотые украшения для пирсинга набирают популярность. Модницы всего мира оценили изящные колечки и штанги от ведущих дизайнеров ювелирных мастерских и с удовольствием покупают такие оригинальные аксессуары. Пирсинг из золота – модный и стильный аксессуар, призванный подчеркнуть оригинальность и неординарность своего владельца. В нашем каталоге представлен широкий ассортимент ювелирных изделий для прокола в пупке, носу или брови.",,,,,https://sunlight.net/catalog/piercing_103913.html,510100737*&Розовое золото&Фианит&1.25 г,SERGEY GRIBNYAKOV&Пирсинг Золото
13013,Золотая подвеска с топазами,Артикул: 303929,2394₽,7980₽,"Артикул: 303929;Подвеска с 1 топазом, 0.30 карат, тип огранки Б;    
Розовое золото 585 пробы.

Сердце считается одним из самых популярных мотивов в современном ювелирном искусстве, который у большинства ассоциируется с любовью и романтизмом. Такой знаковый подарок-украшение с сердечком без лишних слов продемонстрирует силу чувств и привязанности. Это универсальный символ — признание в любви, памятная ценность, которая будет греть и оживлять драгоценные воспоминания.;Вес изделия: 0.34г;Подвеска с 1 топазом, 0.30 карат, тип огранки Б;    
Розовое золото 585 пробы.;Сердце считается одним из самых популярных мотивов в современном ювелирном искусстве, который у большинства ассоциируется с любовью и романтизмом. Такой знаковый подарок-украшение с сердечком без лишних слов продемонстрирует силу чувств и привязанности. Это универсальный символ — признание в любви, памятная ценность, которая будет греть и оживлять драгоценные воспоминания.",,,,,https://sunlight.net/catalog/pendants_303929.html,13111200-Тп*&РОССИЯ&Розовое золото&Топаз&0.34 г,SERGEY GRIBNYAKOV&Детская коллекция
13014,Золотая подвеска,Артикул: 255825,10194₽,33980₽,"Артикул: 255825;Подвеска    
Белое золото, розовое золото 585 пробы.

Украшения без вставок.  Из-за отсутствия каких-либо вставок, такие ювелирные изделия обладают совершенством формы и безупречным цветовым сочетанием. Эти модели как нельзя лучше способны подчеркнуть женственность их обладательницы, акцентируя внимание на ее привлекательности, в то же время не отвлекая взгляд на блеск драгоценных камней. И не важно выберете вы золотые ювелирные серьги-пуссеты, конго или цепочки, вы в любом случае будете на высоте.
Знаки Зодиака  - За последние годы значительно возросла популярность гороскопов. Астрология стала частью нашей культуры. Данная тема транслируется во всех направлениях моды.  Делайте выбор в пользу личных оберегов которые принесут силу, исполнение желаний, и защитят от негативных эмоций.;Вес изделия: 2.33г;Подвеска    
Белое золото, розовое золото 585 пробы.;Украшения без вставок.  Из-за отсутствия каких-либо вставок, такие ювелирные изделия обладают совершенством формы и безупречным цветовым сочетанием. Эти модели как нельзя лучше способны подчеркнуть женственность их обладательницы, акцентируя внимание на ее привлекательности, в то же время не отвлекая взгляд на блеск драгоценных камней. И не важно выберете вы золотые ювелирные серьги-пуссеты, конго или цепочки, вы в любом случае будете на высоте.
Знаки Зодиака  - За последние годы значительно возросла популярность гороскопов. Астрология стала частью нашей культуры. Данная тема транслируется во всех направлениях моды.  Делайте выбор в пользу личных оберегов которые принесут силу, исполнение желаний, и защитят от негативных эмоций.",,,,,https://sunlight.net/catalog/pendants_255825.html,5753/водолей*&РОССИЯ&2.33 г,SERGEY GRIBNYAKOV&Золотые украшения без вставок
13015,Золотое кольцо,Артикул: 273406,1860₽,6200₽,"Артикул: 273406;Кольцо    
Розовое золото 375 пробы.

Украшения без вставок.  Из-за отсутствия каких-либо вставок, такие ювелирные изделия обладают совершенством формы и безупречным цветовым сочетанием. Эти модели как нельзя лучше способны подчеркнуть женственность их обладательницы, акцентируя внимание на ее привлекательности, в то же время не отвлекая взгляд на блеск драгоценных камней. И не важно выберете вы золотые ювелирные серьги-пуссеты, конго или цепочки, вы в любом случае будете на высоте.;Вес изделия: 0.5г;Кольцо    
Розовое золото 375 пробы.;Украшения без вставок.  Из-за отсутствия каких-либо вставок, такие ювелирные изделия обладают совершенством формы и безупречным цветовым сочетанием. Эти модели как нельзя лучше способны подчеркнуть женственность их обладательницы, акцентируя внимание на ее привлекательности, в то же время не отвлекая взгляд на блеск драгоценных камней. И не важно выберете вы золотые ювелирные серьги-пуссеты, конго или цепочки, вы в любом случае будете на высоте.",,,,,https://sunlight.net/catalog/ring_273406.html,К7005535*&РОССИЯ&Розовое золото&0.5 г,SERGEY GRIBNYAKOV&Золотые украшения без вставок
13016,Серебряный браслет,Артикул: 271863,1134₽,3780₽,"Артикул: 271863;Браслет    
Серебро 925 пробы.;Вес изделия: 2.58г;Браслет    
Серебро 925 пробы.",,,,,https://sunlight.net/catalog/bracelets_271863.html,S16403-B9W-01&Серебро&2.58 г,SERGEY GRIBNYAKOV&Гладкие серебряные украшения
13017,Серебряные серьги,Артикул: 274488,5394₽,17980₽,"Артикул: 274488;Серьги    
Серебро 925 пробы.;Вес изделия: 8.83г;Серьги    
Серебро 925 пробы.",,,,,https://sunlight.net/catalog/earring_274488.html,S16288-C9Y-01&ИТАЛИЯ&Серебро&8.83 г,Cassero&Серебро Италии
13018,Серебряные серьги,Артикул: 268876,2590₽,5180₽,"Артикул: 268876;Серьги    
Серебро 925 пробы.;Вес изделия: 4.71г;Серьги    
Серебро 925 пробы.",,,,,https://sunlight.net/catalog/earring_268876.html,S16062-C9W-01&Серебро&4.71 г,SERGEY GRIBNYAKOV&Гладкие серебряные украшения
13019,Серебряное шейное украшение с фианитами,Артикул: 89462,1494₽,4980₽,"Артикул: 89462;Шейное укр., вставка:  фианит голубой;    
Серебро 925 пробы.

Быть в тренде – легко! Самые актуальные Украшения из коллекции SILVER FASHION: одно или сразу несколько – решать только Вам!;Вес изделия: 2.48г;Шейное укр., вставка:  фианит голубой;    
Серебро 925 пробы.;Быть в тренде – легко! Самые актуальные Украшения из коллекции SILVER FASHION: одно или сразу несколько – решать только Вам!",,,,,https://sunlight.net/catalog/neck_decoration_89462.html,S60664-H9W-02&Серебро&Фианит&2.48 г,SERGEY GRIBNYAKOV&СЕРЕБРО. FASHION 
13020,Серебряное шейное украшение с фианитами,Артикул: 99183,414₽,1380₽,"Артикул: 99183;Шейное укр., вставка:  фианит;    
Серебро 925 пробы.

Быть в тренде – легко! Самые актуальные Украшения из коллекции SILVER FASHION: одно или сразу несколько – решать только Вам!;Вес изделия: 1.82г;Шейное укр., вставка:  фианит;    
Серебро 925 пробы.;Быть в тренде – легко! Самые актуальные Украшения из коллекции SILVER FASHION: одно или сразу несколько – решать только Вам!",,,,,https://sunlight.net/catalog/neck_decoration_99183.html,S51668-H9W-01&Серебро&Фианит&1.82 г,SERGEY GRIBNYAKOV&СЕРЕБРО. FASHION 
13021,Серебряное кольцо с фианитами,Артикул: 267158,1014₽,3380₽,"Артикул: 267158;Кольцо, вставка:  фианит;    
Серебро 925 пробы.;Вес изделия: 1.71г;Кольцо, вставка:  фианит;    
Серебро 925 пробы.",,,,,https://sunlight.net/catalog/ring_267158.html,67176А.5&РОССИЯ&Серебро&Фианит&1.71 г,SERGEY GRIBNYAKOV&СЕРЕБРО. Классика
13022,Серебряное кольцо,Артикул: 251262,990₽,3300₽,"Артикул: 251262;Кольцо    
Серебро 925 пробы.;Вес изделия: 0.92г;Кольцо    
Серебро 925 пробы.",,,,,https://sunlight.net/catalog/ring_251262.html,"2Пир&РОССИЯ&Серебро&2,0 мм&0.92 г",FRANKO&Гладкие серебряные украшения
13023,Золотой браслет с сапфирами и бриллиантами,Артикул: 109121,37794₽,125980₽,"Артикул: 109121;Браслет с 12 бриллиантами, огранка круг 17 граней, 0.04 карат, цвет 2, чистота 2, тип огранки Б;
1 сапфиром, 0.13 карат, цвет 2, чистота 2, тип огранки В;    
Белое золото 585 пробы.;Вес изделия: 6.15г;Браслет с 12 бриллиантами, огранка круг 17 граней, 0.04 карат, цвет 2, чистота 2, тип огранки Б;
1 сапфиром, 0.13 карат, цвет 2, чистота 2, тип огранки В;    
Белое золото 585 пробы.",,,,,https://sunlight.net/catalog/bracelets_109121.html,70514-B5W-01&Белое золото&Бриллиант; Сапфир&6.15 г,SERGEY GRIBNYAKOV&Золото. Сапфиры
13024,Серебряный крест-подвеска,Артикул: 53502,2514₽,8380₽,"Артикул: 53502;Подвеска    
Серебро 925 пробы.;Вес изделия: 11.51г;Подвеска    
Серебро 925 пробы.",,,,,https://sunlight.net/catalog/pendants_53502.html,К-808&РОССИЯ&Серебро&11.51 г,SERGEY GRIBNYAKOV&Христианство
13025,Серебряное кольцо с фианитами,Артикул: 273631,1374₽,4580₽,"Артикул: 273631;Кольцо, вставка:  фианит;    
Серебро 925 пробы.;Вес изделия: 2.71г;Кольцо, вставка:  фианит;    
Серебро 925 пробы.",,,,,https://sunlight.net/catalog/ring_273631.html,КЛ-25/024&РОССИЯ&Серебро&Фианит&2.71 г,SERGEY GRIBNYAKOV&СЕРЕБРО. Классика
13026,Серебряный пирсинг с фианитами,Артикул: 327322,714₽,2380₽,"Артикул: 327322;Пирсинг, вставка:  фианит;    
Серебро 925 пробы.;Вес изделия: 1.14г;Пирсинг, вставка:  фианит;    
Серебро 925 пробы.",,,,,https://sunlight.net/catalog/piercing_327322.html,0600021-00775&РОССИЯ&Серебро&Фианит&1.14 г,SERGEY GRIBNYAKOV&ПИРСИНГ СЕРЕБРО
13027,Золотые серьги,Артикул: 272467,10794₽,35980₽,"Артикул: 272467;Серьги    
Розовое золото 585 пробы.;Вес изделия: 2.26г;Серьги    
Розовое золото 585 пробы.",,,,,https://sunlight.net/catalog/earring_272467.html,12064-C5R-01&Розовое золото&2.26 г,JASMİNE JEWELLERY
13028,Золотое кольцо с сапфирами и бриллиантами,Артикул: 275946,22194₽,73980₽,"Артикул: 275946;Кольцо с 6 бриллиантами, огранка круг 57 граней, 0.14 карат, цвет 2, чистота 2, тип огранки А;
1 сапфиром, 0.27 карат, цвет 2, чистота 2, тип огранки В;    
Белое золото 585 пробы.;Вес изделия: 1.9г;Кольцо с 6 бриллиантами, огранка круг 57 граней, 0.14 карат, цвет 2, чистота 2, тип огранки А;
1 сапфиром, 0.27 карат, цвет 2, чистота 2, тип огранки В;    
Белое золото 585 пробы.",,,,,https://sunlight.net/catalog/ring_275946.html,71257-K5W-01&РОССИЯ&Белое золото&Бриллиант; Сапфир&1.9 г,SERGEY GRIBNYAKOV&Золото. Сапфиры
13029,Серебряное колье с фианитами,Артикул: 107413,834₽,2780₽,"Артикул: 107413;Колье, вставка:  фианит;    
Серебро 925 пробы.;Вес изделия: 3.47г;Колье, вставка:  фианит;    
Серебро 925 пробы.",,,,,https://sunlight.net/catalog/necklace_107413.html,0320334-00775&РОССИЯ&Серебро&Фианит&3.47 г,SERGEY GRIBNYAKOV&СЕРЕБРО. Классика
13030,Золотые серьги с фианитами,Артикул: 272419,12490₽,41633₽,"Артикул: 272419;Серьги, вставка:  фианит;    
Белое золото 585 пробы.;Вес изделия: 2.37г;Серьги, вставка:  фианит;    
Белое золото 585 пробы.",,,,,https://sunlight.net/catalog/earring_272419.html,12003-C5W-01&Белое золото&Фианит&2.37 г,JASMİNE JEWELLERY
13031,Золотые серьги с фианитами,Артикул: 107377,25990₽,86633₽,"Артикул: 107377;Серьги, вставка:  фианит;    
Розовое золото 585 пробы.

Костромские ювелирные украшения: традиционный русский стиль -  Коллекция украшений с традиционными русскими дизайнами. Украшения несут в себе ювелирные традиции, любимые многими поколениями российских женщин, которые сохранят свою ценность на многие года.;Вес изделия: 6.25г;Серьги, вставка:  фианит;    
Розовое золото 585 пробы.;Костромские ювелирные украшения: традиционный русский стиль -  Коллекция украшений с традиционными русскими дизайнами. Украшения несут в себе ювелирные традиции, любимые многими поколениями российских женщин, которые сохранят свою ценность на многие года.",,,,,https://sunlight.net/catalog/earring_107377.html,12010533*&РОССИЯ&Розовое золото&Фианит&6.25 г,SERGEY GRIBNYAKOV
13032,Золотые серьги с фианитами,Артикул: 273166,4494₽,14980₽,"Артикул: 273166;Серьги, вставка:  фианит;    
Розовое золото 585 пробы.

Корона означает власть, элегантность, женственность, дарит каждой девушке возможность почувствовать себя настоящей принцессой.;Вес изделия: 0.84г;Серьги, вставка:  фианит;    
Розовое золото 585 пробы.;Корона означает власть, элегантность, женственность, дарит каждой девушке возможность почувствовать себя настоящей принцессой.",,,,,https://sunlight.net/catalog/earring_273166.html,2465207 1 1 1*&РОССИЯ&Розовое золото&Фианит&0.84 г,SERGEY GRIBNYAKOV&Детская коллекция
13033,Золотая подвеска,Артикул: 251070,4494₽,14980₽,"Артикул: 251070;Подвеска    
Розовое золото 585 пробы.

Украшения без вставок.  Из-за отсутствия каких-либо вставок, такие ювелирные изделия обладают совершенством формы и безупречным цветовым сочетанием. Эти модели как нельзя лучше способны подчеркнуть женственность их обладательницы, акцентируя внимание на ее привлекательности, в то же время не отвлекая взгляд на блеск драгоценных камней. И не важно выберете вы золотые ювелирные серьги-пуссеты, конго или цепочки, вы в любом случае будете на высоте.
Знаки Зодиака  - За последние годы значительно возросла популярность гороскопов. Астрология стала частью нашей культуры. Данная тема транслируется во всех направлениях моды.  Делайте выбор в пользу личных оберегов которые принесут силу, исполнение желаний, и защитят от негативных эмоций.;Вес изделия: 1.0г;Подвеска    
Розовое золото 585 пробы.;Украшения без вставок.  Из-за отсутствия каких-либо вставок, такие ювелирные изделия обладают совершенством формы и безупречным цветовым сочетанием. Эти модели как нельзя лучше способны подчеркнуть женственность их обладательницы, акцентируя внимание на ее привлекательности, в то же время не отвлекая взгляд на блеск драгоценных камней. И не важно выберете вы золотые ювелирные серьги-пуссеты, конго или цепочки, вы в любом случае будете на высоте.
Знаки Зодиака  - За последние годы значительно возросла популярность гороскопов. Астрология стала частью нашей культуры. Данная тема транслируется во всех направлениях моды.  Делайте выбор в пользу личных оберегов которые принесут силу, исполнение желаний, и защитят от негативных эмоций.",,,,,https://sunlight.net/catalog/pendants_251070.html,3-0210-010*&РОССИЯ&Розовое золото&1.0 г,SERGEY GRIBNYAKOV&Золотые украшения без вставок
13034,Серебряные серьги с эмалью и фианитами,Артикул: 269526,1590₽,5300₽,"Артикул: 269526;Серьги, вставка:  эмаль; фианит зеленый;    
Серебро 925 пробы.

Ювелирные украшения с эмалью завораживают своей изысканностью и красотой. Создание украшений с эмалью - один из самых сложных и трудоемких процессов в ювелирном производстве. Все рисунки и роспись выполняются мастерами вручную. Поэтому изделия с эмалью очень высоко ценятся. Разнообразие цветов и оттенков, которыми могут быть расписаны такие украшения, позволяет создавать неповторимые сочетания, подчеркивающие вашу индивидуальность.;Вес изделия: 3.8г;Серьги, вставка:  эмаль; фианит зеленый;    
Серебро 925 пробы.;Ювелирные украшения с эмалью завораживают своей изысканностью и красотой. Создание украшений с эмалью - один из самых сложных и трудоемких процессов в ювелирном производстве. Все рисунки и роспись выполняются мастерами вручную. Поэтому изделия с эмалью очень высоко ценятся. Разнообразие цветов и оттенков, которыми могут быть расписаны такие украшения, позволяет создавать неповторимые сочетания, подчеркивающие вашу индивидуальность.",,,,,https://sunlight.net/catalog/earring_269526.html,S30517-C9Y-01&Серебро&Фианит; Эмаль&3.8 г,SERGEY GRIBNYAKOV&Эмаль Серебро
13035,Золотые серьги с бриллиантами,Артикул: 84058,54990₽,183300₽,"Артикул: 84058;Серьги с 72 бриллиантами, огранка круг 17 граней, 0.50 карат, цвет 2, чистота 3, тип огранки Б;    
Белое золото 585 пробы.;Вес изделия: 3.95г;Серьги с 72 бриллиантами, огранка круг 17 граней, 0.50 карат, цвет 2, чистота 3, тип огранки Б;    
Белое золото 585 пробы.",,,,,https://sunlight.net/catalog/earring_84058.html,7802-C5W-01&Белое золото&Бриллиант&3.95 г,SERGEY GRIBNYAKOV&Бриллианты. Fashion Diamonds
13036,Серебряные серьги с фианитами,Артикул: 73231,1674₽,5580₽,"Артикул: 73231;Серьги, вставка:  фианит;    
Серебро 925 пробы.;Вес изделия: 3.01г;Серьги, вставка:  фианит;    
Серебро 925 пробы.",,,,,https://sunlight.net/catalog/earring_73231.html,S50462-C9W-01&Серебро&Фианит&3.01 г,SERGEY GRIBNYAKOV&СЕРЕБРО. Классика
13037,Золотые серьги с фианитами,Артикул: 271333,8394₽,27980₽,"Артикул: 271333;Серьги, вставка:  фианит;    
Розовое золото 585 пробы.

Костромские ювелирные украшения: традиционный русский стиль -  Коллекция украшений с традиционными русскими дизайнами. Украшения несут в себе ювелирные традиции, любимые многими поколениями российских женщин, которые сохранят свою ценность на многие года.;Вес изделия: 1.42г;Серьги, вставка:  фианит;    
Розовое золото 585 пробы.;Костромские ювелирные украшения: традиционный русский стиль -  Коллекция украшений с традиционными русскими дизайнами. Украшения несут в себе ювелирные традиции, любимые многими поколениями российских женщин, которые сохранят свою ценность на многие года.",,,,,https://sunlight.net/catalog/earring_271333.html,410012К*&РОССИЯ&Розовое золото&Фианит&1.42 г,SERGEY GRIBNYAKOV
13038,Золотые серьги с сапфирами,Артикул: 279602,10194₽,33980₽,"Артикул: 279602;Серьги с 2 сапфирами синтетическими, 1.19 карат, тип огранки В;    
Розовое золото 585 пробы.;Вес изделия: 1.78г;Серьги с 2 сапфирами синтетическими, 1.19 карат, тип огранки В;    
Розовое золото 585 пробы.",,,,,https://sunlight.net/catalog/earring_279602.html,71418-C5R-01&РОССИЯ&Розовое золото&Сапфир&1.78 г,SUNLIGHT&Золото. Сапфиры
13039,Золотая подвеска,Артикул: 241751,4990₽,16633₽,"Артикул: 241751;Подвеска    
Желтое золото 585 пробы.

Украшения без вставок.  Из-за отсутствия каких-либо вставок, такие ювелирные изделия обладают совершенством формы и безупречным цветовым сочетанием. Эти модели как нельзя лучше способны подчеркнуть женственность их обладательницы, акцентируя внимание на ее привлекательности, в то же время не отвлекая взгляд на блеск драгоценных камней. И не важно выберете вы золотые ювелирные серьги-пуссеты, конго или цепочки, вы в любом случае будете на высоте.
Знаки Зодиака  - За последние годы значительно возросла популярность гороскопов. Астрология стала частью нашей культуры. Данная тема транслируется во всех направлениях моды.  Делайте выбор в пользу личных оберегов которые принесут силу, исполнение желаний, и защитят от негативных эмоций.;Вес изделия: 0.93г;Подвеска    
Желтое золото 585 пробы.;Украшения без вставок.  Из-за отсутствия каких-либо вставок, такие ювелирные изделия обладают совершенством формы и безупречным цветовым сочетанием. Эти модели как нельзя лучше способны подчеркнуть женственность их обладательницы, акцентируя внимание на ее привлекательности, в то же время не отвлекая взгляд на блеск драгоценных камней. И не важно выберете вы золотые ювелирные серьги-пуссеты, конго или цепочки, вы в любом случае будете на высоте.
Знаки Зодиака  - За последние годы значительно возросла популярность гороскопов. Астрология стала частью нашей культуры. Данная тема транслируется во всех направлениях моды.  Делайте выбор в пользу личных оберегов которые принесут силу, исполнение желаний, и защитят от негативных эмоций.",,,,,https://sunlight.net/catalog/pendants_241751.html,90036500-2*&РОССИЯ&Желтое золото&0.93 г,SERGEY GRIBNYAKOV&Золотые украшения без вставок
13040,Серебряные серьги с фианитами и сапфирами,Артикул: 311207,1494₽,4980₽,"Артикул: 311207;Серьги, вставка:  сапфир синтетический; фианит;    
Серебро 925 пробы.;Вес изделия: 1.88г;Серьги, вставка:  сапфир синтетический; фианит;    
Серебро 925 пробы.",,,,,https://sunlight.net/catalog/earring_311207.html,2-1737сб&РОССИЯ&Серебро&Фианит; Сапфир&1.88 г,SERGEY GRIBNYAKOV&Драгоценные камни. Серебро
13041,Золотое кольцо с фианитами и кварцем дымчатым,Артикул: 241115,7194₽,23980₽,"Артикул: 241115;Кольцо с 1 кварцем дымчатым, 0.68 карат, тип огранки Б; фианит;    
Розовое золото 585 пробы.;Вес изделия: 1.62г;Кольцо с 1 кварцем дымчатым, 0.68 карат, тип огранки Б; фианит;    
Розовое золото 585 пробы.",,,,,https://sunlight.net/catalog/ring_241115.html,095246_01_01_005_2463*&РОССИЯ&Розовое золото&Фианит; Кварц дымчатый&1.62 г,SERGEY GRIBNYAKOV
13042,Золотая подвеска с фианитами,Артикул: 266557,3594₽,11980₽,"Артикул: 266557;Подвеска, вставка:  фианит;    
Розовое золото 585 пробы.

Трендовые золотые украшения. Стильные украшения – обязательный элемент модного образа. Кольца и браслеты, колье и серьги – они всегда вызывают повышенный интерес.;Вес изделия: 0.79г;Подвеска, вставка:  фианит;    
Розовое золото 585 пробы.;Трендовые золотые украшения. Стильные украшения – обязательный элемент модного образа. Кольца и браслеты, колье и серьги – они всегда вызывают повышенный интерес.",,,,,https://sunlight.net/catalog/pendants_266557.html,П13213694-501*&РОССИЯ&Розовое золото&Фианит&0.79 г,SERGEY GRIBNYAKOV&Трендовые золотые украшения
13043,Золотое кольцо с фианитами,Артикул: 191286,11630₽,38767₽,"Артикул: 191286;Кольцо, вставка:  фианит;    
Розовое золото 585 пробы.

Костромские ювелирные украшения: традиционный русский стиль -  Коллекция украшений с традиционными русскими дизайнами. Украшения несут в себе ювелирные традиции, любимые многими поколениями российских женщин, которые сохранят свою ценность на многие года.;Вес изделия: 2.79г;Кольцо, вставка:  фианит;    
Розовое золото 585 пробы.;Костромские ювелирные украшения: традиционный русский стиль -  Коллекция украшений с традиционными русскими дизайнами. Украшения несут в себе ювелирные традиции, любимые многими поколениями российских женщин, которые сохранят свою ценность на многие года.",,,,,https://sunlight.net/catalog/ring_191286.html,Т147015982*&РОССИЯ&Розовое золото&Фианит&2.79 г,SERGEY GRIBNYAKOV
13044,Золотой браслет,Артикул: 153439,24220₽,80733₽,"Артикул: 153439;Браслет    
Белое золото 585 пробы.

Бренд LINEA является торговой маркой российских золотых и серебряных цепей и цепных браслетов высшего качества.
Украшения под этой торговой маркой производятся на лучших цепевязальных ювелирных заводах России.
Специалисты бренда уделяют приоритетное значение качеству. Каждое изделие проходит тройной контроль ОТК.
Фактический завод производитель указан на бирке каждого изделия.;Вес изделия: 6.21г;Браслет    
Белое золото 585 пробы.;Бренд LINEA является торговой маркой российских золотых и серебряных цепей и цепных браслетов высшего качества.
Украшения под этой торговой маркой производятся на лучших цепевязальных ювелирных заводах России.
Специалисты бренда уделяют приоритетное значение качеству. Каждое изделие проходит тройной контроль ОТК.
Фактический завод производитель указан на бирке каждого изделия.",,,,,https://sunlight.net/catalog/bracelets_153439.html,"Ш2050322119*&РОССИЯ&Белое золото&3,8 мм&6.21 г",LINEA
13045,Золотые серьги,Артикул: 151766,6594₽,21980₽,"Артикул: 151766;Серьги    
Розовое золото 585 пробы.

Украшения без вставок.  Из-за отсутствия каких-либо вставок, такие ювелирные изделия обладают совершенством формы и безупречным цветовым сочетанием. Эти модели как нельзя лучше способны подчеркнуть женственность их обладательницы, акцентируя внимание на ее привлекательности, в то же время не отвлекая взгляд на блеск драгоценных камней. И не важно выберете вы золотые ювелирные серьги-пуссеты, конго или цепочки, вы в любом случае будете на высоте.;Вес изделия: 1.49г;Серьги    
Розовое золото 585 пробы.;Украшения без вставок.  Из-за отсутствия каких-либо вставок, такие ювелирные изделия обладают совершенством формы и безупречным цветовым сочетанием. Эти модели как нельзя лучше способны подчеркнуть женственность их обладательницы, акцентируя внимание на ее привлекательности, в то же время не отвлекая взгляд на блеск драгоценных камней. И не важно выберете вы золотые ювелирные серьги-пуссеты, конго или цепочки, вы в любом случае будете на высоте.",,,,,https://sunlight.net/catalog/earring_151766.html,40186500*&РОССИЯ&Розовое золото&1.49 г,SERGEY GRIBNYAKOV&Золотые украшения без вставок
13046,Золотой браслет с гранатом,Артикул: 239367,19194₽,63980₽,"Артикул: 239367;Браслет с 9 гранатами, 3.93 карат, тип огранки Б;    
Розовое золото 585 пробы.

Насыщенный и страстный ярко-красный гранат, заключенный в роскошную золотую оправу. Гранат - символ любви, верности и мужества.;Вес изделия: 4.36г;Браслет с 9 гранатами, 3.93 карат, тип огранки Б;    
Розовое золото 585 пробы.;Насыщенный и страстный ярко-красный гранат, заключенный в роскошную золотую оправу. Гранат - символ любви, верности и мужества.",,,,,https://sunlight.net/catalog/bracelets_239367.html,10227800-Гр*&РОССИЯ&Розовое золото&Гранат&4.36 г,SERGEY GRIBNYAKOV&ГРАНАТЫ
13047,Золотое кольцо с бриллиантами,Артикул: 48017,19194₽,63980₽,"Артикул: 48017;Кольцо с 8 бриллиантами, огранка круг 57 граней, 0.03 карат, цвет 4, чистота 6, тип огранки А, 32 бриллиантами, огранка круг 17 граней, 0.09 карат, цвет 2, чистота 3, тип огранки Б;    
Розовое золото 585 пробы.;Вес изделия: 1.28г;Кольцо с 8 бриллиантами, огранка круг 57 граней, 0.03 карат, цвет 4, чистота 6, тип огранки А, 32 бриллиантами, огранка круг 17 граней, 0.09 карат, цвет 2, чистота 3, тип огранки Б;    
Розовое золото 585 пробы.",,,,,https://sunlight.net/catalog/ring_48017.html,8151-K5R-01&Розовое золото&Бриллиант&1.28 г,SERGEY GRIBNYAKOV&Бриллианты. Fashion Diamonds
13048,Золотые серьги с фианитами,Артикул: 301567,10794₽,35980₽,"Артикул: 301567;Серьги, вставка:  фианит;    
Розовое золото 585 пробы.

Круг -  символизирует единство, совершенство, согласие, вечность. Еще смысл круга заключается в полноте и постоянстве жизненного пути. В некоторых культурах он обозначает плодородие, женское начало и материнство.;Вес изделия: 2.4г;Серьги, вставка:  фианит;    
Розовое золото 585 пробы.;Круг -  символизирует единство, совершенство, согласие, вечность. Еще смысл круга заключается в полноте и постоянстве жизненного пути. В некоторых культурах он обозначает плодородие, женское начало и материнство.",,,,,https://sunlight.net/catalog/earring_301567.html,2000999*&РОССИЯ&Розовое золото&Фианит&2.4 г,SERGEY GRIBNYAKOV
13049,Серебряная подвеска,Артикул: 270310,714₽,2380₽,"Артикул: 270310;Подвеска    
Серебро 925 пробы.;Вес изделия: 2.09г;Подвеска    
Серебро 925 пробы.",,,,,https://sunlight.net/catalog/pendants_270310.html,346100-7&РОССИЯ&Серебро&2.09 г,SERGEY GRIBNYAKOV&Гладкие серебряные украшения
13050,Золотое кольцо с бриллиантами,Артикул: 300714,9594₽,31980₽,"Артикул: 300714;Кольцо с 1 бриллиантом, огранка круг 57 граней, 0.02 карат, цвет 3, чистота 5, тип огранки А;    
Розовое золото 585 пробы.

Невероятная привлекательность украшений из этой коллекции обусловлена использованием в изделиях сверкающего алмазного диска, который позволяет визуально увеличить и эффектно представить бриллианты взору окружающих.;Вес изделия: 1.14г;Кольцо с 1 бриллиантом, огранка круг 57 граней, 0.02 карат, цвет 3, чистота 5, тип огранки А;    
Розовое золото 585 пробы.;Невероятная привлекательность украшений из этой коллекции обусловлена использованием в изделиях сверкающего алмазного диска, который позволяет визуально увеличить и эффектно представить бриллианты взору окружающих.",,,,,https://sunlight.net/catalog/ring259033.html,0128-K5R-02&РОССИЯ&Розовое золото&Бриллиант&1.14 г,Бриллианты Якутии&Бриллианты. Miracle
13051,Золотое кольцо с изумрудами и бриллиантами,Артикул: 15368,29990₽,149950₽,"Артикул: 15368;Кольцо с 65 бриллиантами, огранка круг 17 граней, 0.15 карат, цвет 2, чистота 3, тип огранки Б;
11 изумрудами, 0.29 карат, цвет 4, чистота 3, тип огранки В;    
Желтое золото 585 пробы.;Вес изделия: 3.32г;Кольцо с 65 бриллиантами, огранка круг 17 граней, 0.15 карат, цвет 2, чистота 3, тип огранки Б;
11 изумрудами, 0.29 карат, цвет 4, чистота 3, тип огранки В;    
Желтое золото 585 пробы.",,,,,https://sunlight.net/catalog/ring72351.html,1791-K5Y-03&Желтое золото&Бриллиант; Изумруд&3.32 г,SERGEY GRIBNYAKOV&Золото. Изумруды
13052,Золотые серьги с фианитами и топазами,Артикул: 315386,20994₽,69980₽,"Артикул: 315386;Серьги с 2 топазами голубыми, 3.00 карат, тип огранки Б; фианит;    
Розовое золото 585 пробы.;Вес изделия: 3.65г;Серьги с 2 топазами голубыми, 3.00 карат, тип огранки Б; фианит;    
Розовое золото 585 пробы.",,,,,https://sunlight.net/catalog/earring_315386.html,097160_02_01_005_0028*&РОССИЯ&Розовое золото&Фианит; Топаз&3.65 г,SERGEY GRIBNYAKOV&ЗОЛОТО. ТОПАЗЫ
13053,Золотые серьги с фианитами,Артикул: 245335,8490₽,28300₽,"Артикул: 245335;Серьги, вставка:  фианит;    
Розовое золото 585 пробы.

Костромские ювелирные украшения: традиционный русский стиль -  Коллекция украшений с традиционными русскими дизайнами. Украшения несут в себе ювелирные традиции, любимые многими поколениями российских женщин, которые сохранят свою ценность на многие года.;Вес изделия: 1.79г;Серьги, вставка:  фианит;    
Розовое золото 585 пробы.;Костромские ювелирные украшения: традиционный русский стиль -  Коллекция украшений с традиционными русскими дизайнами. Украшения несут в себе ювелирные традиции, любимые многими поколениями российских женщин, которые сохранят свою ценность на многие года.",,,,,https://sunlight.net/catalog/earring_245335.html,С130-1519*&РОССИЯ&Розовое золото&Фианит&1.79 г,SERGEY GRIBNYAKOV
13054,Серебряное кольцо с жемчугом и фианитами,Артикул: 270527,534₽,1780₽,"Артикул: 270527;Кольцо, вставка:  жемчуг культивированный; фианит;    
Серебро 925 пробы.

Идеальный, круглый жемчуг - вечная классика, которая не выходит из моды.  Украшения с жемчугом  добавляют образу женственности и элегантности.;Вес изделия: 2.76г;Кольцо, вставка:  жемчуг культивированный; фианит;    
Серебро 925 пробы.;Идеальный, круглый жемчуг - вечная классика, которая не выходит из моды.  Украшения с жемчугом  добавляют образу женственности и элегантности.",,,,,https://sunlight.net/catalog/ring_270527.html,S91612-K9W-01&Серебро&Фианит; Жемчуг&2.76 г,SERGEY GRIBNYAKOV&Жемчуг серебро
13055,Золотые серьги с фианитами,Артикул: 252147,7990₽,26633₽,"Артикул: 252147;Серьги, вставка:  фианит;    
Белое золото 585 пробы.;Вес изделия: 1.62г;Серьги, вставка:  фианит;    
Белое золото 585 пробы.",,,,,https://sunlight.net/catalog/earring_252147.html,11353-C5W-01&Фианит&1.62 г,JASMİNE JEWELLERY
13056,Серебряная подвеска с фианитами,Артикул: 252390,354₽,1180₽,"Артикул: 252390;Подвеска, вставка:  фианит;    
Серебро 925 пробы.;Вес изделия: 1.09г;Подвеска, вставка:  фианит;    
Серебро 925 пробы.",,,,,https://sunlight.net/catalog/pendants_252390.html,S54211-P9W-01&Серебро&Фианит&1.09 г,SERGEY GRIBNYAKOV&СЕРЕБРО. Классика
13057,Серебряные запонки с фианитами,Артикул: 277587,1990₽,6633₽,"Артикул: 277587;Запонки, вставка:  фианит черный;    
Серебро 925 пробы.;Вес изделия: 7.27г;Запонки, вставка:  фианит черный;    
Серебро 925 пробы.",,,,,https://sunlight.net/catalog/cufflinks_277587.html,S16310-Z9M-01&Серебро&Фианит&7.27 г,SERGEY GRIBNYAKOV
13058,Золотые серьги,Артикул: 281103,12594₽,41980₽,"Артикул: 281103;Серьги    
Желтое золото 585 пробы.

Звезда — это одна из самых популярных форм в украшениях, которая имеет разные значения во многих культурах. Прежде всего, звезда символизирует соединение стихий, мечты и счастье, во-вторых, каждая девушка мечтает о «звездочке с неба» в знак подтверждения искренности чувств.
Желтое золото. Тёплый жёлтый оттенок металла очаровывает своей интеллигентностью. Такой цвет безупречно будет смотреться на загорелой коже, и придаст ей дополнительное сияние.;Вес изделия: 3.09г;Серьги    
Желтое золото 585 пробы.;Звезда — это одна из самых популярных форм в украшениях, которая имеет разные значения во многих культурах. Прежде всего, звезда символизирует соединение стихий, мечты и счастье, во-вторых, каждая девушка мечтает о «звездочке с неба» в знак подтверждения искренности чувств.
Желтое золото. Тёплый жёлтый оттенок металла очаровывает своей интеллигентностью. Такой цвет безупречно будет смотреться на загорелой коже, и придаст ей дополнительное сияние.",,,,,https://sunlight.net/catalog/earring_281103.html,36109.3*&РОССИЯ&Желтое золото&3.09 г,SERGEY GRIBNYAKOV&Белое и желтое золото
13059,Серебряное кольцо с фианитами,Артикул: 109531,3474₽,11580₽,"Артикул: 109531;Кольцо, вставка:  фианит;    
Серебро 925 пробы.;Вес изделия: 4.85г;Кольцо, вставка:  фианит;    
Серебро 925 пробы.",,,,,https://sunlight.net/catalog/ring_109531.html,S52534-K9W-01&Серебро&Фианит&4.85 г,SERGEY GRIBNYAKOV&СЕРЕБРО. Классика
13060,Серебряное кольцо с кубическим цирконием и чароитами,Артикул: 230021,1314₽,4380₽,"Артикул: 230021;Кольцо, вставка:  куб. цирконий; чароит имитация;    
Серебро 925 пробы.;Вес изделия: 3.47г;Кольцо, вставка:  куб. цирконий; чароит имитация;    
Серебро 925 пробы.",,,,,https://sunlight.net/catalog/ring_230021.html,94-01-4086-00&РОССИЯ&Серебро&Кубический цирконий; Чароит&3.47 г,ZOLOTYE UZORY&Самоцветы
13061,Золотое кольцо с фианитами и аметистом,Артикул: 158118,17990₽,89950₽,"Артикул: 158118;Кольцо с 1 аметистом, 3.56 карат; фианит;    
Розовое золото 585 пробы.;Вес изделия: 2.83г;Кольцо с 1 аметистом, 3.56 карат; фианит;    
Розовое золото 585 пробы.",,,,,https://sunlight.net/catalog/ring_158118.html,К-7020_0423*&РОССИЯ&Розовое золото&Фианит; Аметист&2.83 г,SERGEY GRIBNYAKOV&ЗОЛОТО. АМЕТИСТЫ
13062,Серебряная серьга с фианитами,Артикул: 153906,414₽,1380₽,"Артикул: 153906;Серьга, вставка:  фианит;    
Серебро 925 пробы.

Мужские аксессуары призваны демонстрировать силу, мужество, решительность. Отлитые в серебре, украшения задают тон образу мужчины, создают уверенный стиль. Сегодня разновидностей мужских украшений из серебра достаточно, чтобы каждый смог себе подобрать что-то подходящее.;Вес изделия: 0.6г;Серьга, вставка:  фианит;    
Серебро 925 пробы.;Мужские аксессуары призваны демонстрировать силу, мужество, решительность. Отлитые в серебре, украшения задают тон образу мужчины, создают уверенный стиль. Сегодня разновидностей мужских украшений из серебра достаточно, чтобы каждый смог себе подобрать что-то подходящее.",,,,,https://sunlight.net/catalog/one_earring_153906.html,20 557 271&РОССИЯ&Серебро&Фианит&0.6 г,Markiz
13063,Золотые серьги с кубическим цирконием,Артикул: 260442,9490₽,31633₽,"Артикул: 260442;Серьги, вставка:  куб. цирконий;    
Желтое золото 585 пробы.

Желтое золото. Тёплый жёлтый оттенок металла очаровывает своей интеллигентностью. Такой цвет безупречно будет смотреться на загорелой коже, и придаст ей дополнительное сияние.;Вес изделия: 2.25г;Серьги, вставка:  куб. цирконий;    
Желтое золото 585 пробы.;Желтое золото. Тёплый жёлтый оттенок металла очаровывает своей интеллигентностью. Такой цвет безупречно будет смотреться на загорелой коже, и придаст ей дополнительное сияние.",,,,,https://sunlight.net/catalog/earring_260442.html,34-52-0026-00К*&РОССИЯ&Желтое золото&Кубический цирконий&2.25 г,SERGEY GRIBNYAKOV&Белое и желтое золото
13064,Серебряное кольцо,Артикул: 167308,1090₽,5450₽,"Артикул: 167308;Кольцо, вставка:  элементы из серебра;    
;Вес изделия: 1.0г;Кольцо, вставка:  элементы из серебра;",,,,,https://sunlight.net/catalog/ring_167308.html,S12214-K0W-01&Серебро&1.0 г,SERGEY GRIBNYAKOV
13065,Серебряное кольцо с кварцем,Артикул: 242266,2990₽,5980₽,"Артикул: 242266;Кольцо, вставка:  кварц с рутилом;    
Серебро 925 пробы.;Вес изделия: 2.7г;Кольцо, вставка:  кварц с рутилом;    
Серебро 925 пробы.",,,,,https://sunlight.net/catalog/ring_242266.html,S41533-K9Y-01&Серебро&Кварц&2.7 г,SERGEY GRIBNYAKOV&Серебро с позолотой
13066,Золотая подвеска с фианитами,Артикул: 272329,3790₽,12633₽,"Артикул: 272329;Подвеска, вставка:  фианит;    
Розовое золото 585 пробы.;Вес изделия: 0.69г;Подвеска, вставка:  фианит;    
Розовое золото 585 пробы.",,,,,https://sunlight.net/catalog/pendants_272329.html,12027-P5R-01&Розовое золото&Фианит&0.69 г,JASMİNE JEWELLERY
13067,Серебряные серьги с жемчугом,Артикул: 246404,954₽,3180₽,"Артикул: 246404;Серьги, вставка:  жемчуг культивированный;    
Серебро 925 пробы.;Вес изделия: 5.37г;Серьги, вставка:  жемчуг культивированный;    
Серебро 925 пробы.",,,,,https://sunlight.net/catalog/earring_246404.html,S91166-C9W-01&Серебро&Жемчуг&5.37 г,SERGEY GRIBNYAKOV&Жемчуг серебро
13068,Золотая подвеска с фианитами,Артикул: 102495,2790₽,9300₽,"Артикул: 102495;Подвеска, вставка:  фианит;    
Розовое золото 585 пробы.

Костромские ювелирные украшения: традиционный русский стиль -  Коллекция украшений с традиционными русскими дизайнами. Украшения несут в себе ювелирные традиции, любимые многими поколениями российских женщин, которые сохранят свою ценность на многие года.;Вес изделия: 0.79г;Подвеска, вставка:  фианит;    
Розовое золото 585 пробы.;Костромские ювелирные украшения: традиционный русский стиль -  Коллекция украшений с традиционными русскими дизайнами. Украшения несут в себе ювелирные традиции, любимые многими поколениями российских женщин, которые сохранят свою ценность на многие года.",,,,,https://sunlight.net/catalog/pendants_102495.html,035900*&Розовое золото&Фианит&0.79 г,SERGEY GRIBNYAKOV
13069,Золотые серьги,Артикул: 49273,11994₽,39980₽,"Артикул: 49273;Серьги    
Розовое золото 585 пробы.

Украшения без вставок.  Из-за отсутствия каких-либо вставок, такие ювелирные изделия обладают совершенством формы и безупречным цветовым сочетанием. Эти модели как нельзя лучше способны подчеркнуть женственность их обладательницы, акцентируя внимание на ее привлекательности, в то же время не отвлекая взгляд на блеск драгоценных камней. И не важно выберете вы золотые ювелирные серьги-пуссеты, конго или цепочки, вы в любом случае будете на высоте.;Вес изделия: 2.11г;Серьги    
Розовое золото 585 пробы.;Украшения без вставок.  Из-за отсутствия каких-либо вставок, такие ювелирные изделия обладают совершенством формы и безупречным цветовым сочетанием. Эти модели как нельзя лучше способны подчеркнуть женственность их обладательницы, акцентируя внимание на ее привлекательности, в то же время не отвлекая взгляд на блеск драгоценных камней. И не важно выберете вы золотые ювелирные серьги-пуссеты, конго или цепочки, вы в любом случае будете на высоте.",,,,,https://sunlight.net/catalog/earring_49273.html,30040800*&РОССИЯ&Розовое золото&2.11 г,SERGEY GRIBNYAKOV&Золотые украшения без вставок
13070,Серебряная цепь,Артикул: 52853,8990₽,29967₽,"Артикул: 52853;Цепь    
Серебро 925 пробы.

Цепочки с ромбом в основе плетения очень популярны и пользуются спросом. В этом случае каждое из звеньев представляет собой одноимённую геометрическую фигуру. Одинаковые противоположные углы или квадраты вытянутой формы составляют прочную конструкцию и красивое украшение. Это одна из классических форм плетений, но у неё есть несколько разновидностей.
Бренд LINEA является торговой маркой российских золотых и серебряных цепей и цепных браслетов высшего качества.
Украшения под этой торговой маркой производятся на лучших цепевязальных ювелирных заводах России.
Специалисты бренда уделяют приоритетное значение качеству. Каждое изделие проходит тройной контроль ОТК.
Фактический завод производитель указан на бирке каждого изделия.;Вес изделия: 29.77г;Цепь    
Серебро 925 пробы.;Цепочки с ромбом в основе плетения очень популярны и пользуются спросом. В этом случае каждое из звеньев представляет собой одноимённую геометрическую фигуру. Одинаковые противоположные углы или квадраты вытянутой формы составляют прочную конструкцию и красивое украшение. Это одна из классических форм плетений, но у неё есть несколько разновидностей.
Бренд LINEA является торговой маркой российских золотых и серебряных цепей и цепных браслетов высшего качества.
Украшения под этой торговой маркой производятся на лучших цепевязальных ювелирных заводах России.
Специалисты бренда уделяют приоритетное значение качеству. Каждое изделие проходит тройной контроль ОТК.
Фактический завод производитель указан на бирке каждого изделия.",,,,,https://sunlight.net/catalog/chains_52853.html,"Ср925Р-106312055&РОССИЯ&Серебро&Тяжеловесная &6,5 мм&29.77 г",LINEA
13071,Серебряный браслет,Артикул: 271869,5390₽,17967₽,"Артикул: 271869;Браслет    
Серебро 925 пробы.;Вес изделия: 20.81г;Браслет    
Серебро 925 пробы.",,,,,https://sunlight.net/catalog/bracelets_271869.html,S16427-B9W-01&Серебро&20.81 г,SERGEY GRIBNYAKOV&СЕРЕБРО. FASHION 
13072,Серебряные серьги с кораллом и бирюзой,Артикул: 51931,894₽,2980₽,"Артикул: 51931;Серьги, вставка:  бирюза прессованная; коралл им..;    
Серебро 925 пробы.;Вес изделия: 3.85г;Серьги, вставка:  бирюза прессованная; коралл им..;    
Серебро 925 пробы.",,,,,https://sunlight.net/catalog/earring_51931.html,S7847-C9W-01&Серебро&Бирюза; Коралл&3.85 г,SERGEY GRIBNYAKOV
13073,Золотые серьги с бриллиантами,Артикул: 53700,45990₽,229950₽,"Артикул: 53700;Серьги с 32 бриллиантами, огранка круг 17 граней, 0.12 карат, цвет 2, чистота 3, тип огранки Б;    
 585 пробы.

Невероятная привлекательность украшений из этой коллекции обусловлена использованием в изделиях сверкающего алмазного диска, который позволяет визуально увеличить и эффектно представить бриллианты взору окружающих.;Вес изделия: 4.44г;Серьги с 32 бриллиантами, огранка круг 17 граней, 0.12 карат, цвет 2, чистота 3, тип огранки Б;    
 585 пробы.;Невероятная привлекательность украшений из этой коллекции обусловлена использованием в изделиях сверкающего алмазного диска, который позволяет визуально увеличить и эффектно представить бриллианты взору окружающих.",,,,,https://sunlight.net/catalog/earring_53700.html,3444-C5M-01&Розовое золото&Бриллиант&4.44 г,SUNLIGHT&Бриллианты. Miracle
13074,Золотое кольцо с фианитами,Артикул: 101643,7794₽,25980₽,"Артикул: 101643;Кольцо, вставка:  фианит;    
Розовое золото 585 пробы.

Костромские ювелирные украшения: традиционный русский стиль -  Коллекция украшений с традиционными русскими дизайнами. Украшения несут в себе ювелирные традиции, любимые многими поколениями российских женщин, которые сохранят свою ценность на многие года.;Вес изделия: 1.64г;Кольцо, вставка:  фианит;    
Розовое золото 585 пробы.;Костромские ювелирные украшения: традиционный русский стиль -  Коллекция украшений с традиционными русскими дизайнами. Украшения несут в себе ювелирные традиции, любимые многими поколениями российских женщин, которые сохранят свою ценность на многие года.",,,,,https://sunlight.net/catalog/ring_101643.html,017424К*&РОССИЯ&Розовое золото&Фианит&1.64 г,SERGEY GRIBNYAKOV
13075,Серебряные серьги с фианитами,Артикул: 104933,3590₽,7180₽,"Артикул: 104933;Серьги, вставка:  фианит;    
Серебро 925 пробы.

Быть в тренде – легко! Самые актуальные Украшения из коллекции SILVER FASHION: одно или сразу несколько – решать только Вам!;Вес изделия: 3.1г;Серьги, вставка:  фианит;    
Серебро 925 пробы.;Быть в тренде – легко! Самые актуальные Украшения из коллекции SILVER FASHION: одно или сразу несколько – решать только Вам!",,,,,https://sunlight.net/catalog/earring_104933.html,S51561-C9W-01&Серебро&Фианит&3.1 г,SERGEY GRIBNYAKOV&СЕРЕБРО. FASHION 
13076,Серебряные серьги с фианитами,Артикул: 264472,1194₽,3980₽,"Артикул: 264472;Серьги, вставка:  фианит;    
Серебро 925 пробы.

Быть в тренде – легко! Самые актуальные Украшения из коллекции SILVER FASHION: одно или сразу несколько – решать только Вам!;Вес изделия: 2.23г;Серьги, вставка:  фианит;    
Серебро 925 пробы.;Быть в тренде – легко! Самые актуальные Украшения из коллекции SILVER FASHION: одно или сразу несколько – решать только Вам!",,,,,https://sunlight.net/catalog/earring_264472.html,S55006-C9R-01&Серебро&Фианит&2.23 г,SERGEY GRIBNYAKOV&СЕРЕБРО. FASHION 
13077,Золотое кольцо с раухтопазом,Артикул: 92560,41990₽,139967₽,"Артикул: 92560;Кольцо с 1 кварцем дымчатым, 4.50 карат;    
Желтое золото 585 пробы.

Массивные и яркие украшения со вставками - это так по-итальянски. Украшение из золота 585 пробы лимонного оттенка, так популярного в Европе. SUNLIGHT - будьте особенной!;Вес изделия: 4.15г;Кольцо с 1 кварцем дымчатым, 4.50 карат;    
Желтое золото 585 пробы.;Массивные и яркие украшения со вставками - это так по-итальянски. Украшение из золота 585 пробы лимонного оттенка, так популярного в Европе. SUNLIGHT - будьте особенной!",,,,,https://sunlight.net/catalog/ring_92560.html,10379-K5Y-01&ИТАЛИЯ&Желтое золото&4.15 г,Daniela Coaro&ЗОЛОТО ИТАЛИИ
13078,Серебряная подвеска - шарм с эмалью,Артикул: 255575,1490₽,2980₽,"Артикул: 255575;Подвеска, вставка:  эмаль;    
Серебро 925 пробы.;Вес изделия: 1.7г;Подвеска, вставка:  эмаль;    
Серебро 925 пробы.",,,,,https://sunlight.net/catalog/pendants_255575.html,S71053-P9W-01&Серебро&Эмаль&1.7 г,SERGEY GRIBNYAKOV
13079,Серебряные серьги с янтарем,Артикул: 88610,1494₽,4980₽,"Артикул: 88610;Серьги, вставка:  янтарь не дк;    
Серебро 925 пробы.;Вес изделия: 4.85г;Серьги, вставка:  янтарь не дк;    
Серебро 925 пробы.",,,,,https://sunlight.net/catalog/earring_88610.html,72161035&Серебро&Янтарь&4.85 г,Балтийское Золото&ЯНТАРЬ
13080,Золотая цепь,Артикул: 61198,9240₽,30800₽,"Артикул: 61198;Цепь    
Желтое золото 585 пробы.

За счёт сложной геометрии плетение ""Ромб"" выглядит объемно и по-настоящему изысканно. Свет необычным образом отражается от звеньев. Цепочки с ромбом в основе плетения очень популярны и пользуются спросом. В этом случае каждое из звеньев представляет собой одноимённую геометрическую фигуру. Одинаковые противоположные углы или квадраты вытянутой формы составляют прочную конструкцию. Цепочка надолго сохраняет свой первоначальный праздничный блеск и красоту. Это одна из классических форм плетений, но у неё есть несколько разновидностей.;Вес изделия: 2.37г;Цепь    
Желтое золото 585 пробы.;За счёт сложной геометрии плетение ""Ромб"" выглядит объемно и по-настоящему изысканно. Свет необычным образом отражается от звеньев. Цепочки с ромбом в основе плетения очень популярны и пользуются спросом. В этом случае каждое из звеньев представляет собой одноимённую геометрическую фигуру. Одинаковые противоположные углы или квадраты вытянутой формы составляют прочную конструкцию. Цепочка надолго сохраняет свой первоначальный праздничный блеск и красоту. Это одна из классических форм плетений, но у неё есть несколько разновидностей.",,,,,https://sunlight.net/catalog/chains_56726.html,"НЦ 15-076*&РОССИЯ&Желтое золото&Полновес&1,7 мм&2.37 г",KRASTSVETMET&Цепи Полновесные
13081,Золотая подвеска с жемчугом и бриллиантами,Артикул: 74306,23990₽,47980₽,"Артикул: 74306;Подвеска с 16 бриллиантами, огранка круг 17 граней, 0.04 карат, цвет 2, чистота 3, тип огранки Б;
1 жемчугом культивированным;    
Розовое золото 585 пробы.;Вес изделия: 1.88г;Подвеска с 16 бриллиантами, огранка круг 17 граней, 0.04 карат, цвет 2, чистота 3, тип огранки Б;
1 жемчугом культивированным;    
Розовое золото 585 пробы.",,,,,https://sunlight.net/catalog/pendants_74306.html,5066-P5R-01&Розовое золото&Бриллиант; Жемчуг&1.88 г,SERGEY GRIBNYAKOV&Золото. Жемчуг
13082,Золотое кольцо с жемчугом и фианитами,Артикул: 282720,7194₽,23980₽,"Артикул: 282720;Кольцо с 1 жемчугом культивированным, тип огранки В; фианит;    
Розовое золото 585 пробы.;Вес изделия: 1.75г;Кольцо с 1 жемчугом культивированным, тип огранки В; фианит;    
Розовое золото 585 пробы.",,,,,https://sunlight.net/catalog/ring_282720.html,096267_01_01_005_0070*&РОССИЯ&Розовое золото&Фианит; Жемчуг&1.75 г,SERGEY GRIBNYAKOV&Золото. Жемчуг
13083,Золотые серьги с рубинами и бриллиантами,Артикул: 252422,16194₽,53980₽,"Артикул: 252422;Серьги с 12 бриллиантами, огранка круг 17 граней, 0.02 карат, цвет 2, чистота 2, тип огранки Б, 12 бриллиантами, огранка круг 17 граней, 0.05 карат, цвет 2, чистота 2, тип огранки Б;
2 рубинами синтетическими, 0.49 карат, тип огранки Б;    
Розовое золото 585 пробы.;Вес изделия: 2.41г;Серьги с 12 бриллиантами, огранка круг 17 граней, 0.02 карат, цвет 2, чистота 2, тип огранки Б, 12 бриллиантами, огранка круг 17 граней, 0.05 карат, цвет 2, чистота 2, тип огранки Б;
2 рубинами синтетическими, 0.49 карат, тип огранки Б;    
Розовое золото 585 пробы.",,,,,https://sunlight.net/catalog/earring_252422.html,70990-C5R-02&РОССИЯ&Бриллиант; Рубин&2.41 г,SERGEY GRIBNYAKOV&Золото. Рубины
13084,Золотой пирсинг,Артикул: 91541,2094₽,6980₽,"Артикул: 91541;Пирсинг    
Розовое золото 585 пробы.
Длина штанги примерно 6 мм.
;Вес изделия: 0.18г;Пирсинг    
Розовое золото 585 пробы.
Длина штанги примерно 6 мм.",,,,,https://sunlight.net/catalog/piercing_91541.html,10306-T5R-01&Розовое золото&0.18 г,SERGEY GRIBNYAKOV&Пирсинг Золото
13085,Золотая подвеска «Бриллианты Якутии»,Артикул: 131952,4494₽,14980₽,"Артикул: 131952;Подвеска «Бриллианты Якутии» с 1 бриллиантом, огранка круг 57 граней, 0.04 карат, цвет 3, чистота 6, тип огранки А; 
Белое золото 585 пробы;Вес изделия: 0.39г;Подвеска «Бриллианты Якутии» с 1 бриллиантом, огранка круг 57 граней, 0.04 карат, цвет 3, чистота 6, тип огранки А; 
Белое золото 585 пробы",,,,,https://sunlight.net/catalog/pendants_131952.html,70592-P5W-01&РОССИЯ&Белое золото&Бриллиант&0.39 г,Бриллианты Якутии&Бриллианты Якутии
13086,Золотые серьги с фианитами,Артикул: 90239,6294₽,20980₽,"Артикул: 90239;Серьги, вставка:  фианит;    
Розовое золото 585 пробы.

Ласточка - показывает, что человек четко знает свой жизненный путь, имеет серьезные намерения. Украшения с ласточкой из золота помогают человеку добиваться поставленных целей.
Трендовые золотые украшения. Стильные украшения – обязательный элемент модного образа. Кольца и браслеты, колье и серьги – они всегда вызывают повышенный интерес.;Вес изделия: 1.57г;Серьги, вставка:  фианит;    
Розовое золото 585 пробы.;Ласточка - показывает, что человек четко знает свой жизненный путь, имеет серьезные намерения. Украшения с ласточкой из золота помогают человеку добиваться поставленных целей.
Трендовые золотые украшения. Стильные украшения – обязательный элемент модного образа. Кольца и браслеты, колье и серьги – они всегда вызывают повышенный интерес.",,,,,https://sunlight.net/catalog/earring_90239.html,40118500*&РОССИЯ&Розовое золото&Фианит&1.57 г,SERGEY GRIBNYAKOV&Трендовые золотые украшения
13087,Золотая подвеска с фианитами,Артикул: 272319,4990₽,16633₽,"Артикул: 272319;Подвеска, вставка:  фианит;    
Желтое золото 585 пробы.;Вес изделия: 0.91г;Подвеска, вставка:  фианит;    
Желтое золото 585 пробы.",,,,,https://sunlight.net/catalog/pendants_272319.html,12079-P5Y-01&Желтое золото&Фианит&0.91 г,JASMİNE JEWELLERY
13088,Серебряная подвеска-шарм с опалом,Артикул: 83502,1914₽,6380₽,"Артикул: 83502;Подвеска, вставка:  опал имитация;    
Серебро 925 пробы.;Вес изделия: 2.44г;Подвеска, вставка:  опал имитация;    
Серебро 925 пробы.",,,,,https://sunlight.net/catalog/pendants_83502.html,S70287-P9W-02&Серебро&Опал&2.44 г,SERGEY GRIBNYAKOV
13089,Серебряное шейное украшение с фианитами и кварцем,Артикул: 305054,1674₽,5580₽,"Артикул: 305054;Шейное укр., вставка:  фианит; кварц синий имитация;    
Серебро 925 пробы.;Вес изделия: 3.15г;Шейное укр., вставка:  фианит; кварц синий имитация;    
Серебро 925 пробы.",,,,,https://sunlight.net/catalog/neck_decoration_305054.html,3121186-04295&РОССИЯ&Серебро&Фианит; Кварц&3.15 г,SERGEY GRIBNYAKOV&NATURIKA
13090,Золотая подвеска с рубином и бриллиантами,Артикул: 81572,13194₽,43980₽,"Артикул: 81572;Подвеска с 28 бриллиантами, огранка круг 17 граней, 0.08 карат, цвет 2, чистота 2, тип огранки Б;
1 рубином синтетическим, 1.57 карат, тип огранки Б;    
Розовое золото 585 пробы.;Вес изделия: 1.49г;Подвеска с 28 бриллиантами, огранка круг 17 граней, 0.08 карат, цвет 2, чистота 2, тип огранки Б;
1 рубином синтетическим, 1.57 карат, тип огранки Б;    
Розовое золото 585 пробы.",,,,,https://sunlight.net/catalog/pendants_81572.html,70026-P5R-01&Розовое золото&Рубин&1.49 г,SERGEY GRIBNYAKOV&Золото. Рубины
13091,Золотое кольцо с бриллиантами,Артикул: 308449,66594₽,221980₽,"Артикул: 308449;Кольцо с 55 бриллиантами, огранка круг 57 граней, 0.43 карат, цвет 3, чистота 6, тип огранки А, 55 бриллиантами, огранка круг 17 граней, 0.22 карат, цвет 2, чистота 2, тип огранки Б;    
Белое золото 585 пробы.;Вес изделия: 5.22г;Кольцо с 55 бриллиантами, огранка круг 57 граней, 0.43 карат, цвет 3, чистота 6, тип огранки А, 55 бриллиантами, огранка круг 17 граней, 0.22 карат, цвет 2, чистота 2, тип огранки Б;    
Белое золото 585 пробы.",,,,,https://sunlight.net/catalog/ring_308449.html,71957-K5W-01&РОССИЯ&Белое золото&Бриллиант&5.22 г,Бриллианты Якутии&Бриллианты. Fashion Diamonds
13092,Золотая подвеска с изумрудами,Артикул: 307700,3894₽,12980₽,"Артикул: 307700;Подвеска с 1 гидротермальным изумрудом , 0.20 карат, тип огранки Б;    
Розовое золото 585 пробы.;Вес изделия: 0.65г;Подвеска с 1 гидротермальным изумрудом , 0.20 карат, тип огранки Б;    
Розовое золото 585 пробы.",,,,,https://sunlight.net/catalog/pendants_307700.html,71926-P5R-01&РОССИЯ&Розовое золото&Изумруд&0.65 г,SERGEY GRIBNYAKOV&Золото. Изумруды
13093,Серебряное кольцо с ситаллом,Артикул: 134504,1494₽,4980₽,"Артикул: 134504;Кольцо, вставка:  лондон ситал;    
Серебро 925 пробы.;Вес изделия: 2.37г;Кольцо, вставка:  лондон ситал;    
Серебро 925 пробы.",,,,,https://sunlight.net/catalog/ring_134504.html,01-1897/0НСЛ-00&РОССИЯ&Серебро&Ситалл&2.37 г,SERGEY GRIBNYAKOV&Multicolor
13094,"Серебряные серьги с агатом, фианитами и кварцем",Артикул: 299028,3894₽,12980₽,"Артикул: 299028;Серьги, вставка:  кварц; фианит; агат черный облагороженный;    
Серебро 925 пробы.;Вес изделия: 7.12г;Серьги, вставка:  кварц; фианит; агат черный облагороженный;    
Серебро 925 пробы.",,,,,https://sunlight.net/catalog/earring_299028.html,2340871519-15&РОССИЯ&Серебро&Фианит; Агат; Кварц&7.12 г,SERGEY GRIBNYAKOV&NATURIKA
13095,Золотая подвеска с фианитами,Артикул: 275487,6894₽,22980₽,"Артикул: 275487;Подвеска, вставка:  фианит;    
Розовое золото 585 пробы.

Дерево - один из самых популярных талисманов, который встречается в культуре многих народов. Этот оберег указывает на родство и связь поколений, защищает своего владельца от разных напастей. Символ Древо жизни обычно выбирают те, кто мечтает о крепкой семье, в которой царит понимание, любовь и уют.
Трендовые золотые украшения. Стильные украшения – обязательный элемент модного образа. Кольца и браслеты, колье и серьги – они всегда вызывают повышенный интерес.;Вес изделия: 1.54г;Подвеска, вставка:  фианит;    
Розовое золото 585 пробы.;Дерево - один из самых популярных талисманов, который встречается в культуре многих народов. Этот оберег указывает на родство и связь поколений, защищает своего владельца от разных напастей. Символ Древо жизни обычно выбирают те, кто мечтает о крепкой семье, в которой царит понимание, любовь и уют.
Трендовые золотые украшения. Стильные украшения – обязательный элемент модного образа. Кольца и браслеты, колье и серьги – они всегда вызывают повышенный интерес.",,,,,https://sunlight.net/catalog/pendants_275487.html,50-02-0001-29451*&РОССИЯ&Розовое золото&Фианит&1.54 г,SERGEY GRIBNYAKOV&Трендовые золотые украшения
13096,Серебряное шейное украшение с фианитами,Артикул: 74640,1134₽,3780₽,"Артикул: 74640;Шейное укр., вставка:  фианит;    
Серебро 925 пробы.;Вес изделия: 1.0г;Шейное укр., вставка:  фианит;    
Серебро 925 пробы.",,,,,https://sunlight.net/catalog/neck_decoration_74640.html,S50233-H9W-01&Серебро&Фианит&1.0 г,SERGEY GRIBNYAKOV&СЕРЕБРО. Классика
13097,Серебряное кольцо с эмалью,Артикул: 305962,1494₽,4980₽,"Артикул: 305962;Кольцо, вставка:  витражная эмаль ;    
Серебро 925 пробы.

Ювелирные украшения с эмалью завораживают своей изысканностью и красотой. Создание украшений с эмалью - один из самых сложных и трудоемких процессов в ювелирном производстве. Все рисунки и роспись выполняются мастерами вручную. Поэтому изделия с эмалью очень высоко ценятся. Разнообразие цветов и оттенков, которыми могут быть расписаны такие украшения, позволяет создавать неповторимые сочетания, подчеркивающие вашу индивидуальность.;Вес изделия: 6.07г;Кольцо, вставка:  витражная эмаль ;    
Серебро 925 пробы.;Ювелирные украшения с эмалью завораживают своей изысканностью и красотой. Создание украшений с эмалью - один из самых сложных и трудоемких процессов в ювелирном производстве. Все рисунки и роспись выполняются мастерами вручную. Поэтому изделия с эмалью очень высоко ценятся. Разнообразие цветов и оттенков, которыми могут быть расписаны такие украшения, позволяет создавать неповторимые сочетания, подчеркивающие вашу индивидуальность.",,,,,https://sunlight.net/catalog/ring_305962.html,S6474-K9Y-04&Серебро&Эмаль&6.07 г,SERGEY GRIBNYAKOV&Эмаль Серебро
13098,Золотая подвеска с фианитами,Артикул: 323412,2994₽,9980₽,"Артикул: 323412;Подвеска, вставка:  фианит;    
Белое золото 585 пробы.;Вес изделия: 0.54г;Подвеска, вставка:  фианит;    
Белое золото 585 пробы.",,,,,https://sunlight.net/catalog/pendants_323412.html,1729527*&РОССИЯ&Белое золото&Фианит&0.54 г,SERGEY GRIBNYAKOV&Белое и желтое золото
13099,Серебряный браслет с перламутром и фианитами,Артикул: 80808,834₽,2780₽,"Артикул: 80808;Браслет, вставка:  перламутр голубой; фианит;    
Серебро 925 пробы.;Вес изделия: 1.95г;Браслет, вставка:  перламутр голубой; фианит;    
Серебро 925 пробы.",,,,,https://sunlight.net/catalog/bracelets_80808.html,S40237-B9R-03&Серебро&Фианит; Перламутр&1.95 г,SERGEY GRIBNYAKOV&Heroes pin
13100,Золотые серьги с фианитами и аметистом,Артикул: 43082,5694₽,18980₽,"Артикул: 43082;Серьги с 2 аметистами, 0.83 карат, тип огранки В; фианит;    
Розовое золото 585 пробы.;Вес изделия: 1.23г;Серьги с 2 аметистами, 0.83 карат, тип огранки В; фианит;    
Розовое золото 585 пробы.",,,,,https://sunlight.net/catalog/earring_43082.html,102000792991am*&РОССИЯ&Розовое золото&Фианит; Аметист&1.23 г,SERGEY GRIBNYAKOV&ЗОЛОТО. АМЕТИСТЫ
